Art ID,Top Poem ID,Sim Score
58c6237dedc2c9c7dc0de1ae,61,0.9970600518363758
577280dfedc2cb3880f28e76,312,0.8351498780121528
57727f2dedc2cb3880ed5fa9,72,0.994378657110028
58d1240cedc2c94f900fc610,155,0.9282798575876229
57727de7edc2cb3880e91f26,88,0.9050552075197226
57728297edc2cb3880f81f5b,409,0.8642263331176373
5772797dedc2cb3880db5504,376,0.9953872160360043
57726e48edc2cb3880b69b14,134,0.9941720513339196
57728255edc2cb3880f7644a,260,0.9340496741200448
5772843bedc2cb3880fd334d,205,0.9541187454511801
577285b4edc2cb388001c741,151,0.9924425104723151
5772898cedc2cb38800df3fd,387,0.9689036202529359
5772849eedc2cb3880fe72ab,260,0.8116368310198773
577282b3edc2cb3880f89e19,350,0.8116491947070086
577284a7edc2cb3880fe813a,350,0.8260950448780604
57727ca4edc2cb3880e54008,239,0.9877493524054184
57726ff3edc2cb3880bc56a7,281,0.9366229020477176
577288deedc2cb38800bdf0f,5,0.8757390892100753
57726e25edc2cb3880b60a8b,112,0.9950931904088823
577288ddedc2cb38800bde1d,205,0.8649199590166005
577287d9edc2cb38800895a7,334,0.9171892189574158
57727dd9edc2cb3880e90d51,281,0.9855963141265683
57726f83edc2cb3880bb117d,410,0.968552704280134
577286cdedc2cb3880056d93,350,0.8754213466085204
57728742edc2cb388006c6c8,353,0.953344145636943
577284fbedc2cb3880ffab14,165,0.7506763337282034
577287afedc2cb388007fc5b,239,0.7380632926490361
57728459edc2cb3880fdb65d,171,0.8183314670932029
5772819cedc2cb3880f501c7,260,0.8825320590033527
577286a6edc2cb388004df04,312,0.8749226812977188
57727fe2edc2cb3880ef5ab8,281,0.9195510027978666
57727014edc2cb3880bce964,31,0.9956339808968695
57726f48edc2cb3880ba012f,72,0.9954795238934168
577271d3edc2cb3880c2e4cf,239,0.9765970757400488
577284e7edc2cb3880ff375a,281,0.9710977166375725
57726e47edc2cb3880b699f7,239,0.9627454011931302
57728984edc2cb38800de804,61,0.9949520508661476
57727023edc2cb3880bcfefa,414,0.99995726048971
5772842cedc2cb3880fd1c07,312,0.7875312295227935
57727ffeedc2cb3880efda19,409,0.9109233007883588
577283d7edc2cb3880fbee6c,171,0.8889015126157545
57728204edc2cb3880f63d8a,171,0.8842138237062923
57728228edc2cb3880f6c6a5,377,0.9866542006673059
57728943edc2cb38800d2c83,350,0.9233615654959394
57727f7bedc2cb3880ee1357,350,0.8525697890020825
57727fb8edc2cb3880eecaef,410,0.9363907129833016
577284e2edc2cb3880ff2f1e,246,0.9500588598444929
5772798fedc2cb3880dbc750,322,0.9842813846951999
57728219edc2cb3880f6b0be,239,0.9252433011060587
577283d0edc2cb3880fbe34c,409,0.9385688711321175
5772812dedc2cb3880f3ad4d,70,0.8589233290233486
57727cd1edc2cb3880e5de05,61,0.9748650293113156
577280f3edc2cb3880f30270,5,0.8245354618253373
57726ea4edc2cb3880b7e54e,377,0.9568342033807199
577287c8edc2cb388008244b,383,0.966711011508288
5772857fedc2cb38800120d4,151,0.9988473707962889
57727b73edc2cb3880e18b92,31,0.9977908952639774
57727d89edc2cb3880e7e8d7,61,0.9924994150503053
57727759edc2cb3880d461ff,401,0.9714348874066625
57727696edc2cb3880d1f359,31,0.9975251593560972
577285e4edc2cb388002632f,155,0.981349253498597
57726ecdedc2cb3880b8857f,61,0.9949514090719753
5772845fedc2cb3880fdc0e9,414,0.99995726048971
59839e9cedc2c9658c2f54cd,171,0.89086087715681
57727043edc2cb3880bd8d6a,414,0.9978422509437748
577281caedc2cb3880f59ad8,72,0.9955243910622931
577287c4edc2cb3880081d4b,413,0.9981813439773509
57728736edc2cb388006b3a6,155,0.9581537810897929
577278cfedc2cb3880d93a9e,72,0.9928382691235798
57727e83edc2cb3880eb0d2b,239,0.9577043271249444
577281a6edc2cb3880f510b1,281,0.9265273696270183
577272d6edc2cb3880c69b39,281,0.9975203570244052
57728a18edc2cb38800fd615,377,0.9445449466731958
57728261edc2cb3880f7748f,239,0.9834290348763828
57728108edc2cb3880f3227e,72,0.9928382691235798
57728225edc2cb3880f6c23d,350,0.837309439213636
57727b79edc2cb3880e18fc4,414,0.9979238760286973
57728736edc2cb388006b406,368,0.8751427618350512
57728172edc2cb3880f46baf,250,0.8082002445490201
577270e8edc2cb3880bfa325,331,0.8387965459932203
577279ceedc2cb3880dc81af,42,0.9649617302034902
57727802edc2cb3880d64fcf,387,0.9834778533155578
57727029edc2cb3880bd081a,414,0.99995726048971
577283cbedc2cb3880fbda39,377,0.8224944360982418
5772839fedc2cb3880fb4537,31,0.9941335953211493
57727f93edc2cb3880ee394c,61,0.9967042998377312
57727ec7edc2cb3880ec220c,142,0.9631701737334604
57727564edc2cb3880ce16c4,388,0.9875361210963293
57726e43edc2cb3880b694c1,334,0.9695832589971775
577282e6edc2cb3880f940ee,61,0.9967042998377312
57727f92edc2cb3880ee392c,134,0.9905317155852583
57728415edc2cb3880fca475,377,0.9783742580195104
577286aaedc2cb388004e49a,239,0.9925421806776447
577287ceedc2cb3880082ecd,88,0.9421989173963976
57727ca6edc2cb3880e542d2,72,0.9962923861523613
577280e0edc2cb3880f28f46,219,0.8736512029392893
577281f5edc2cb3880f62505,312,0.8608309480804338
5772832fedc2cb3880fa0ccf,322,0.9740069536891524
57728067edc2cb3880f1288d,283,0.9236832205131039
577277bbedc2cb3880d58903,312,0.8563827561966305
577277fcedc2cb3880d646d5,61,0.9965964929683245
57728045edc2cb3880f09f7f,350,0.9254634530440364
57727bd5edc2cb3880e2c5b4,312,0.8716343465441038
577281c2edc2cb3880f58f90,134,0.9960096274002382
57728415edc2cb3880fca3b5,61,0.9789162119183206
57728143edc2cb3880f3d1b1,322,0.9842700188835619
577288f1edc2cb38800bff1f,199,0.9433425412510993
593467a4edc2c9b408c15286,88,0.9795151960122805
57728703edc2cb3880061039,250,0.8126430266902004
57728325edc2cb3880f9fd85,387,0.9831212398108926
5772837dedc2cb3880fabbc2,134,0.9917097394495403
57728478edc2cb3880fde8d1,250,0.8382286603411959
5772848dedc2cb3880fe5c7f,414,0.99995726048971
57727ee7edc2cb3880ec4f8e,134,0.9904363889838508
57728194edc2cb3880f4f5bd,250,0.8693868606612236
57727ce5edc2cb3880e5fb4f,349,0.9936767605989345
577287f5edc2cb388008c4d9,331,0.8237067398038808
57728794edc2cb3880077e35,88,0.8238619647518959
57727dd8edc2cb3880e90c81,415,0.939848557026939
57727ab7edc2cb3880df97fa,350,0.8907928017163415
58d32aededc2c998786cbeb5,350,0.8238884484666215
57728400edc2cb3880fc8331,368,0.9996369144092612
5772797dedc2cb3880db565a,112,0.9850793667231342
57728619edc2cb38800309bd,72,0.994378657110028
59ae559cedc2c9cdd86c5224,217,0.8411678042156935
57728742edc2cb388006c728,219,0.925953647853085
577270e8edc2cb3880bfa375,187,0.8227519302681494
577275ccedc2cb3880cf618e,312,0.8306594744121831
57727f7cedc2cb3880ee145f,1,0.7673596275996684
57728649edc2cb388003a837,134,0.9904363889838508
57727f4bedc2cb3880ed8b25,142,0.8802333838312111
57726ff1edc2cb3880bc543b,281,0.9366229020477176
57727fa8edc2cb3880eeb2f0,312,0.8432724470859388
577282c9edc2cb3880f8c0e4,61,0.9373337159863651
58aae502edc2c923e4650705,337,0.9775673487151264
577289a7edc2cb38800e760c,414,0.999246749069972
577287acedc2cb388007f855,281,0.9481231626012069
577281c7edc2cb3880f597ca,414,0.99995726048971
57728437edc2cb3880fd2cbf,252,0.8994689200444864
577280cbedc2cb3880f26e45,281,0.9522900276745435
577283a1edc2cb3880fb4727,142,0.9892953785058779
577284a1edc2cb3880fe7865,205,0.8502810487868209
5772779bedc2cb3880d4fdef,414,0.99995726048971
577286e4edc2cb3880058c40,250,0.9029881118824771
577278deedc2cb3880d94eb0,134,0.9885471180062496
5772831aedc2cb3880f9eb2d,404,0.7378271822050123
57727e48edc2cb3880ea5e34,239,0.9831915543600126
5772842cedc2cb3880fd1bf7,280,0.8272397090612341
57727550edc2cb3880ce0570,88,0.9332404427695346
5772883dedc2cb388009e2ed,377,0.8814292449454193
577284d3edc2cb3880ff1834,70,0.9126100283211721
57728562edc2cb388000f4ca,72,0.9969088969409587
57727e24edc2cb3880e9d0f3,414,0.99995726048971
57727e13edc2cb3880e9b45b,401,0.9408196552302346
577280f7edc2cb3880f306e9,294,0.9705033412788203
577285c0edc2cb3880022f5b,312,0.7753718610566525
577284b1edc2cb3880fe913d,409,0.899890196722913
57726f0cedc2cb3880b945a5,414,0.9985519435455322
57727f0cedc2cb3880ecdb83,219,0.7889832522954893
57727c77edc2cb3880e4a604,31,0.9904074516946478
57727d9eedc2cb3880e85dd9,250,0.9103277482958257
5772857bedc2cb3880011b60,142,0.9066047994265268
577288a6edc2cb38800b2f89,61,0.9936179138065806
577283cdedc2cb3880fbddf4,312,0.8786607202010208
57728a12edc2cb38800fcb30,53,0.9806505358362905
57727e83edc2cb3880eb0dab,410,0.9480151852007546
577287baedc2cb3880080d18,134,0.9933943885973057
599c0674edc2c978fc5e2910,72,0.9928382691235798
57726e5aedc2cb3880b6b708,427,0.9262706881301119
5772845cedc2cb3880fdbb71,260,0.8298104050513452
577284a2edc2cb3880fe78b5,260,0.9305003891162191
57728335edc2cb3880fa1785,312,0.8662164652202767
57728280edc2cb3880f7fa72,281,0.9414387281053035
577287caedc2cb388008277f,377,0.9558097981279539
577287baedc2cb3880080d98,401,0.9217895621598894
57727d71edc2cb3880e7c599,401,0.9196969911676648
5772839bedc2cb3880fb3df1,14,0.908721211424738
57727208edc2cb3880c39659,368,0.9848343152127841
58d2ef9bedc2c99878a544f4,134,0.9917097394495403
577279f5edc2cb3880dd1593,350,0.8458448778282375
57727c22edc2cb3880e384dc,134,0.9952010316826171
5772831eedc2cb3880f9f1b7,377,0.9408298683518392
589c5342edc2cd40d4ab550b,410,0.9763474703963313
577286dcedc2cb3880058027,368,0.9488637629251785
57726ff3edc2cb3880bc56b7,88,0.957527283879842
5772849eedc2cb3880fe732d,312,0.8177283416699034
5772839bedc2cb3880fb3e71,165,0.7383952736287495
57727d5eedc2cb3880e755c8,414,0.99995726048971
57728380edc2cb3880fabf99,377,0.9714753105856235
57727fbbedc2cb3880eed035,375,0.9575252543570436
577271d9edc2cb3880c2ee76,96,0.8269919680231899
57727facedc2cb3880eeba55,159,0.9489620754911936
577275ceedc2cb3880cf655e,281,0.9522900276745435
577278aeedc2cb3880d8b054,414,0.9709779173030836
5772700eedc2cb3880bc828e,377,0.9601803965213069
577280dcedc2cb3880f288fe,250,0.8416846994801466
5772794bedc2cb3880daae26,142,0.9382136881678603
577279cfedc2cb3880dc832f,414,0.9971268698411403
57728662edc2cb3880042161,260,0.8623081452791647
5772831dedc2cb3880f9f0f5,312,0.8211062151998296
57727f90edc2cb3880ee34c6,72,0.994378657110028
577285caedc2cb3880023ed1,312,0.7951912928738182
57727c5bedc2cb3880e42ab4,388,0.9815980321623584
57726ed9edc2cb3880b89998,151,0.9979751558694531
57727fecedc2cb3880ef6ac7,422,0.8415112585757727
57726e4dedc2cb3880b6a413,250,0.8659288881556876
57727efbedc2cb3880ecc31e,377,0.959350816067833
57727d88edc2cb3880e7e857,25,0.8287531750933296
577285caedc2cb3880023fd3,219,0.7943206240693038
57727ffbedc2cb3880efd679,219,0.8591021821611892
5772820aedc2cb3880f647fc,65,0.7961308505113783
5772831dedc2cb3880f9f0c5,123,0.8055406244940486
57727781edc2cb3880d4e0d7,134,0.9901967004572538
577284a3edc2cb3880fe7a87,404,0.8775076162310883
57728046edc2cb3880f0a043,159,0.8433452285222179
57728335edc2cb3880fa1735,250,0.8656290507552981
57728366edc2cb3880faa178,409,0.9206284752085389
57727882edc2cb3880d81610,401,0.9158640477017708
5772866cedc2cb3880042f75,350,0.8726164032563746
57728250edc2cb3880f75c5d,250,0.8119386033546618
577284aeedc2cb3880fe8ca7,36,0.9311537100116659
57728592edc2cb3880019024,159,0.8571278861212934
5772842dedc2cb3880fd1d97,281,0.9655703076482457
577283ddedc2cb3880fbf796,409,0.9456591400818639
57727f6fedc2cb3880ee02ec,250,0.9674401881262422
5899f083edc2c97aac9f967d,414,0.99995726048971
57727ffdedc2cb3880efd8d9,350,0.973640420256867
577286b3edc2cb388004f14a,31,0.990787382762868
57728497edc2cb3880fe6b71,368,0.9848343152127841
5954fa6eedc2c93644c45189,320,0.9620989117865095
577281c3edc2cb3880f59030,134,0.9805632117012457
57728661edc2cb38800420b1,260,0.902638056063542
57727cddedc2cb3880e5ee3a,318,0.8634022726854054
577285f8edc2cb388002d5d8,219,0.8186589813908716
577286caedc2cb38800568c5,410,0.9741547996377387
5772804dedc2cb3880f0acff,409,0.9185835373695828
5772867cedc2cb38800448ac,414,0.99995726048971
57728107edc2cb3880f3212e,409,0.9354383630835174
5772829fedc2cb3880f82c16,412,0.9366999685720632
577283b0edc2cb3880fb5f0c,239,0.979557760908554
5772877fedc2cb3880075b90,312,0.9135912108357681
577287dfedc2cb3880089e56,88,0.9173638348649542
57728393edc2cb3880fb3158,377,0.9676597421957953
57727febedc2cb3880ef675e,350,0.8924636924234851
577285c9edc2cb3880023e2f,159,0.7852919351672847
577288e7edc2cb38800beddc,239,0.9769301134127765
57726f08edc2cb3880b94016,414,0.99995726048971
57728427edc2cb3880fd13cd,440,0.8838032598909753
57726e26edc2cb3880b60d35,120,0.9912470507657234
57727ddfedc2cb3880e9142d,134,0.9944519494312556
577284ddedc2cb3880ff2754,294,0.9651639009416854
57727f36edc2cb3880ed68bf,159,0.8092919260149347
57728568edc2cb388000ff00,88,0.9464984489849739
57727592edc2cb3880ceb105,134,0.9917097394495403
57728391edc2cb3880fb2f38,134,0.9956885356982398
57728741edc2cb388006c5a6,409,0.8426489299481827
57727435edc2cb3880cb0859,414,0.99995726048971
577283cfedc2cb3880fbe0b8,410,0.8305156935114089
57726f2fedc2cb3880b9d92c,61,0.995923271059413
57727f8aedc2cb3880ee29ee,5,0.912250875277644
57728395edc2cb3880fb354c,414,0.99995726048971
59ae59a9edc2c9cdd87cc189,120,0.9912470507657234
577286dcedc2cb3880058037,219,0.8655563207449677
57727a11edc2cb3880dd3d83,239,0.9813119034661465
5772841bedc2cb3880fcada3,414,0.99995726048971
577286aaedc2cb388004e45a,180,0.9329471540123132
577289e5edc2cb38800f30df,123,0.8625196291031594
57728375edc2cb3880faafd0,383,0.9341846523289474
57728366edc2cb3880faa056,260,0.844622601963394
57727fa0edc2cb3880eea5ba,350,0.8765350311138145
57728723edc2cb3880064346,368,0.9803633761280011
57726f76edc2cb3880baa2cf,410,0.9513740795427785
57727e25edc2cb3880e9d1a7,134,0.9944862884051553
57727018edc2cb3880bcf00a,151,0.9971316111077871
57727febedc2cb3880ef6905,350,0.8589772904454861
577287deedc2cb3880089e06,151,0.976989706176342
5772829fedc2cb3880f82bc6,321,0.9911386266912302
57728396edc2cb3880fb360c,61,0.9811340468390772
57726e50edc2cb3880b6a820,414,0.99995726048971
57727c4bedc2cb3880e41315,404,0.9366167121049618
577270efedc2cb3880bfaf63,350,0.8801175195507268
57727031edc2cb3880bd1598,61,0.9642052018464735
5772863eedc2cb38800396c2,205,0.9394007539829495
577287daedc2cb3880089657,410,0.8811261295136512
57727f8aedc2cb3880ee299e,377,0.8720867371126781
577287acedc2cb388007f865,42,0.9730453353880371
57728061edc2cb3880f11f72,281,0.9265273696270183
57727e80edc2cb3880eb08a6,350,0.8164954259699218
577283aeedc2cb3880fb5ba6,431,0.9520225550023281
5772867cedc2cb38800448cc,281,0.9777567819702228
57726e6dedc2cb3880b730da,123,0.9204368189580652
57726e34edc2cb3880b62340,61,0.995923271059413
57728948edc2cb38800d353a,312,0.8701801486248777
57727e81edc2cb3880eb0b58,377,0.9330962739218496
57727ca4edc2cb3880e540aa,39,0.9174584174324739
577271daedc2cb3880c2eff6,281,0.9756415111914356
5772722cedc2cb3880c42b1a,414,0.99995726048971
57728413edc2cb3880fca0c6,88,0.9259760678057283
577278feedc2cb3880d9d852,312,0.8124914399834623
57728965edc2cb38800dbaf8,410,0.9723304515943475
5772839bedc2cb3880fb3e61,267,0.9316350255792455
57728759edc2cb388006da9a,377,0.9865554211534391
5772873bedc2cb388006bc3d,312,0.83352996635047
5772816eedc2cb3880f46457,159,0.9439946948927136
57728395edc2cb3880fb352c,414,0.99995726048971
57728650edc2cb388003b131,70,0.9448843142790805
577285c1edc2cb388002314d,414,0.99995726048971
57727f4bedc2cb3880ed8a60,70,0.8956607770898265
59db4dcbedc2c9f0102204c6,409,0.8992443626795366
577276f0edc2cb3880d32513,414,0.99995726048971
57728079edc2cb3880f146cb,281,0.9149028944574692
57726e16edc2cb3880b5f175,414,0.99995726048971
596e1177edc2c9b5a892856b,377,0.9718976800309493
580c9549edc2c92a9c183fdb,414,0.99995726048971
577284fbedc2cb3880ffaaf4,377,0.9288400771141772
577287deedc2cb3880089df6,404,0.8334358554762588
577286caedc2cb3880056869,415,0.7795357003916092
57727449edc2cb3880cb837b,377,0.9833784120083543
5772750bedc2cb3880cd7301,151,0.9987161987337699
577281c5edc2cb3880f594be,31,0.9977824727797033
577281c1edc2cb3880f58e30,72,0.998160770867938
57728424edc2cb3880fcf530,54,0.9866085446729546
577272f1edc2cb3880c6c9fd,142,0.9067393249063912
5772838eedc2cb3880fb29de,250,0.8714256616696979
57727be9edc2cb3880e2e2d8,142,0.9844470771598428
57728ab3edc2cb388011c9ce,415,0.9084671462003853
577288e3edc2cb38800be672,260,0.9013839885695523
593f90eeedc2c97ce0e50c32,239,0.9754058789993211
57726e35edc2cb3880b6256c,410,0.9673964011687816
5772859bedc2cb3880019eab,409,0.8200419983159201
57728a62edc2cb388010ef91,59,0.9546182936054516
577281c7edc2cb3880f5971a,413,0.9981813439773509
5772863fedc2cb3880039752,61,0.9841298532388887
577281efedc2cb3880f61b8f,219,0.8418423641580457
577278ceedc2cb3880d9384c,239,0.9879286135593448
577276e9edc2cb3880d31b13,72,0.9924185678584373
57728985edc2cb38800de8f6,39,0.9583508655299103
577281c5edc2cb3880f5938e,61,0.9923926445688156
5772866bedc2cb3880042e93,134,0.9944862884051553
577285e7edc2cb388002683d,350,0.9268377343258091
5882c5f6edc2c9e7787dac19,61,0.9889116498548521
57727e80edc2cb3880eb08c6,239,0.8330487763496133
577287c8edc2cb38800823db,312,0.8025878218903197
57728223edc2cb3880f6bf57,142,0.980244376527916
577284e7edc2cb3880ff36fa,59,0.8912852067417043
577287c8edc2cb38800824cb,193,0.822068801399447
57727a06edc2cb3880dd2d61,409,0.9166838076611228
577285aaedc2cb388001b705,414,0.9991976464685836
57728731edc2cb388006ac7e,205,0.958553275854477
57728221edc2cb3880f6bac9,278,0.8377750659915515
57727af4edc2cb3880e046d1,72,0.9971961890301035
577282baedc2cb3880f8a9d4,246,0.9299323539793393
5772845aedc2cb3880fdb74d,5,0.8518365703512765
57727cbcedc2cb3880e5654d,55,0.948373111521091
577286c5edc2cb38800560ad,312,0.7363711078910865
57728296edc2cb3880f81d99,61,0.9811340468390772
57728599edc2cb3880019c49,281,0.9241851162023267
577281f9edc2cb3880f62b05,350,0.8400434373202986
5772866cedc2cb3880042ed3,239,0.95300676790935
57728759edc2cb388006daca,217,0.9341471793371632
5772840bedc2cb3880fc9401,312,0.7886339966868882
57728363edc2cb3880fa9f86,350,0.9126883840810053
57726e2fedc2cb3880b61b5c,312,0.8821437419954535
5772869fedc2cb388004d387,1,0.7796763424679777
57728221edc2cb3880f6bba1,368,0.9633867944268026
57727e01edc2cb3880e99c27,377,0.9815135468495038
58edc523edc2c963ccacd9a1,281,0.9950352864157155
57728108edc2cb3880f321ce,61,0.9964048968820656
57727f49edc2cb3880ed8872,142,0.8770057170636827
57727d70edc2cb3880e7c539,239,0.9617694844907234
57728503edc2cb3880ffb7c6,239,0.9838302176523421
5772866fedc2cb38800433df,165,0.8490721934425379
57727028edc2cb3880bd078a,88,0.9783853195014163
5772765fedc2cb3880d14bb1,377,0.9378449779533091
57728426edc2cb3880fd1329,281,0.9646464343234584
577285c0edc2cb3880022fab,350,0.8994522312125002
5772847bedc2cb3880fdede7,347,0.933515448811753
577288e7edc2cb38800bed3c,294,0.9430443907642634
57726e4bedc2cb3880b69fd3,349,0.9907460372419742
57728a37edc2cb3880105a46,134,0.995684233209828
577284a4edc2cb3880fe7d65,250,0.8357493694148925
57728394edc2cb3880fb32da,134,0.9948896348958648
5772863bedc2cb38800391da,159,0.8981558589322827
57726e26edc2cb3880b60d45,377,0.9858568531656179
57727637edc2cb3880d0b610,364,0.9893047355750062
5772831dedc2cb3880f9f177,350,0.871295692312527
5772877cedc2cb3880075737,414,0.9983717072704269
57728254edc2cb3880f7617d,368,0.9803633761280011
577284e8edc2cb3880ff38fc,31,0.9631814922067143
5772848cedc2cb3880fe5c3f,151,0.9746154835577582
5772869bedc2cb388004cc60,325,0.9673657643624168
57727c2dedc2cb3880e392a5,414,0.9985519435455322
57728608edc2cb388002edd9,72,0.994378657110028
5772736aedc2cb3880c89a35,134,0.9967387431121475
57726e53edc2cb3880b6acd4,350,0.8525697890020826
57728736edc2cb388006b4e8,281,0.9088932891805817
57728171edc2cb3880f469fd,404,0.8108544717475228
57728267edc2cb3880f77edd,321,0.9631307514379793
57728891edc2cb38800abcb1,205,0.9331944814082672
57728209edc2cb3880f644e6,409,0.7936263005337701
5772823dedc2cb3880f6e9f1,377,0.9823476603011128
5772877fedc2cb3880075c10,260,0.8213749819560796
57728716edc2cb3880062e12,260,0.9801791352403221
57728250edc2cb3880f75c0d,385,0.7717807938483905
577284f5edc2cb3880ffa0e8,250,0.959679709071283
57728a16edc2cb38800fd1e5,134,0.9933943885973057
57728532edc2cb3880005595,260,0.9396314471189144
57728a75edc2cb3880110f91,105,0.9950914369460083
577282cdedc2cb3880f8c7aa,404,0.9712326388570959
57728706edc2cb388006142d,61,0.9967267505395795
57728096edc2cb3880f1c43d,409,0.8798719944249173
57726e90edc2cb3880b76956,377,0.9791722896305393
577284f7edc2cb3880ffa440,383,0.9536380024974652
5772840eedc2cb3880fc99ba,281,0.9309296486077042
5772832eedc2cb3880fa0b8f,88,0.9680806273476201
577286feedc2cb388006099a,171,0.8993543369511848
57726e52edc2cb3880b6ab18,44,0.9733594732836104
577281a7edc2cb3880f51211,377,0.97567847967689
5772848cedc2cb3880fe5b9f,72,0.9929041395664223
577282beedc2cb3880f8af76,134,0.9884570213967665
577279d0edc2cb3880dc83b2,409,0.9307689682498786
57726e1fedc2cb3880b5ffce,412,0.9813541972661153
57727066edc2cb3880bdc50d,377,0.9295246259626047
5772850cedc2cb3880ffc52b,134,0.9891559359257742
5772807bedc2cb3880f1488b,250,0.9416178472734905
577283d0edc2cb3880fbe31c,404,0.8169808882760207
57728325edc2cb3880f9fd25,53,0.9663922806822282
577287caedc2cb388008271f,61,0.9916780425666137
57727027edc2cb3880bd05ca,221,0.9763245175419409
57726edbedc2cb3880b89c90,283,0.9414354830340271
577281bfedc2cb3880f58b5c,151,0.977779901251349
57727018edc2cb3880bcefba,59,0.8604831097878521
5772807bedc2cb3880f1490b,409,0.9074808216915635
5772787bedc2cb3880d80b1e,61,0.9889116498548521
5772845eedc2cb3880fdbf39,387,0.9838931637862139
57728739edc2cb388006b9f9,404,0.8503010227025959
577287e7edc2cb388008acab,219,0.8214638590459076
57728445edc2cb3880fd4487,250,0.7710402533729038
57727dbdedc2cb3880e88da3,312,0.8460271402590818
577286ceedc2cb3880056efb,239,0.9339255814917576
57727429edc2cb3880caf6de,250,0.8066294053982082
577287bbedc2cb3880080eb8,312,0.8822813319812167
57728218edc2cb3880f6b05e,239,0.9888265670640156
57728436edc2cb3880fd2c9d,219,0.8566806184064304
57727bbfedc2cb3880e24d0e,134,0.9831028687864102
577282b9edc2cb3880f8a894,123,0.8268403261508845
5772831aedc2cb3880f9ebff,5,0.8725309583275783
5772820bedc2cb3880f648d2,312,0.8446170224126615
577288f7edc2cb38800c0881,410,0.950053272094608
577286cbedc2cb38800569df,401,0.9217560708440141
57727268edc2cb3880c4e163,61,0.9778975309933472
5772871cedc2cb3880063834,312,0.9028987204775187
57728501edc2cb3880ffb3de,409,0.8989421549652801
577288deedc2cb38800bde9f,250,0.8986075844218567
57728a95edc2cb388011982a,348,0.9977810523749034
5772816eedc2cb3880f464b9,331,0.919585631401819
57727f74edc2cb3880ee0705,404,0.8736916040750633
577280daedc2cb3880f286b9,312,0.8089147932343802
577282b9edc2cb3880f8a86c,31,0.993700618498577
577280f1edc2cb3880f2ffce,250,0.9862237030480799
57727e33edc2cb3880ea3ff9,134,0.9926544441499705
577277cbedc2cb3880d5a02b,61,0.9739754229673027
577281c3edc2cb3880f59050,61,0.9856655196355123
57728172edc2cb3880f46b3d,350,0.8110410631689655
57728477edc2cb3880fde76f,250,0.8387321515487169
57727c88edc2cb3880e4bef5,414,0.99995726048971
577277bfedc2cb3880d58ded,377,0.9644645936823406
577284cdedc2cb3880ff0f4f,350,0.8606418549153019
57727da5edc2cb3880e868a8,217,0.9280291771401734
5772714fedc2cb3880c1056a,412,0.9861489657015052
577285f8edc2cb388002d598,260,0.8623081452791647
57727ce4edc2cb3880e5f8ba,415,0.8968750963104462
5772819dedc2cb3880f502d7,350,0.8842605303615395
577282b2edc2cb3880f89d67,312,0.7951205084756208
57727c5cedc2cb3880e42c1c,415,0.7936600949273896
5772763dedc2cb3880d0bccf,383,0.8968213127606345
57728aceedc2cb388012495d,221,0.9931864879912545
57726f33edc2cb3880b9dfb3,134,0.9916866897002669
57728295edc2cb3880f81bb7,281,0.9223868749849276
57727cbcedc2cb3880e564cd,151,0.9964031323901454
57726e4eedc2cb3880b6a503,1,0.9010351964423772
57726f0bedc2cb3880b94427,415,0.9276186932958557
577277c1edc2cb3880d59071,239,0.9241137843646149
577286e8edc2cb38800592f4,347,0.866849152930011
577284a5edc2cb3880fe7e45,281,0.9341065294062192
57726e6eedc2cb3880b7314a,31,0.996446403240739
5772821bedc2cb3880f6b354,377,0.9882839363304571
57728704edc2cb38800610d9,312,0.8314337232721428
57727e87edc2cb3880eb14be,31,0.987287391145716
57728228edc2cb3880f6c655,414,0.99995726048971
57726f56edc2cb3880ba7233,377,0.9899506899425666
577287bbedc2cb3880080e68,217,0.8746163340003505
577284a5edc2cb3880fe7f05,168,0.8928140987657802
57727b6eedc2cb3880e18722,61,0.9833481071582252
577281a6edc2cb3880f51151,350,0.8400434373202986
577273acedc2cb3880c93fd7,350,0.8764261355536119
57727c27edc2cb3880e38d0d,171,0.8825542046454209
577277e1edc2cb3880d61b82,281,0.9503133532941411
577276e2edc2cb3880d31045,334,0.9617827763340983
577289e5edc2cb38800f313f,151,0.9812777220800001
57728060edc2cb3880f11d6e,368,0.9898248077799366
577278b1edc2cb3880d8b558,239,0.9931584579650519
577271d2edc2cb3880c2e307,414,0.99995726048971
57727fa1edc2cb3880eea6ca,350,0.904830275432078
577287dfedc2cb3880089ef8,383,0.9367898094945214
57727f77edc2cb3880ee0b8b,377,0.8699405591264764
577285a9edc2cb388001b4b3,404,0.8334358554762588
577275e5edc2cb3880cf8969,239,0.9461919178954344
57728922edc2cb38800ca423,193,0.8301163175197708
57727f37edc2cb3880ed6a4b,199,0.8480368671578664
57727071edc2cb3880be3253,377,0.9786595109577876
57727fabedc2cb3880eeb83a,155,0.9142792021832994
577287b2edc2cb3880080201,5,0.8940798184087696
57728123edc2cb3880f39e6d,350,0.9295513113712317
577284a7edc2cb3880fe81d7,70,0.8857993559066708
57727e81edc2cb3880eb0b16,116,0.9332922368983215
57727e24edc2cb3880e9d087,401,0.9196969911676646
5772766cedc2cb3880d15c0f,281,0.9366229020477176
57727d5fedc2cb3880e75698,414,0.99995726048971
577287caedc2cb388008273f,414,0.99995726048971
57727d5eedc2cb3880e75478,281,0.9321297320381094
57727a68edc2cb3880de6ec3,61,0.9966129544626847
5772846eedc2cb3880fdd9f5,312,0.8432697076480934
5772798eedc2cb3880dbc5c2,239,0.9609192571824686
577284a7edc2cb3880fe8247,250,0.9266779986120319
5772857bedc2cb3880011b30,31,0.9982512477861739
57728532edc2cb38800054f5,328,0.9099536373938301
577281caedc2cb3880f59ae8,134,0.9944862884051553
577275a5edc2cb3880cece06,410,0.9687932359605377
5772869bedc2cb388004cd52,387,0.9943179330651086
577278c0edc2cb3880d8cd0a,401,0.9193817669537514
57726f3bedc2cb3880b9ebb5,134,0.9952010316826171
5772891fedc2cb38800c9e91,239,0.9837276622052414
57727f1fedc2cb3880ecf3fb,281,0.9620456829941416
5772867bedc2cb38800447ba,39,0.9853384660980916
57726f07edc2cb3880b93e66,142,0.8977811141361114
57728295edc2cb3880f81d19,217,0.9153369611316309
577280e0edc2cb3880f28f58,31,0.9904074516946478
57727669edc2cb3880d1573f,53,0.972320890581913
57728295edc2cb3880f81d29,383,0.9269423116977737
57728a65edc2cb388010f4e4,53,0.9694982289553216
57727bddedc2cb3880e2d1a5,151,0.9711814799499812
577283aeedc2cb3880fb5b86,250,0.9456147133505259
577289a8edc2cb38800e790e,414,0.9974044922376106
57727c95edc2cb3880e4d1d4,61,0.997525080690317
577284a1edc2cb3880fe7895,250,0.8553217017284339
57727601edc2cb3880d00ef4,350,0.9698900584533087
57727cbaedc2cb3880e561e7,414,0.9976094325355251
57727d86edc2cb3880e7e420,61,0.9936179138065806
57726f73edc2cb3880ba9e63,142,0.9076204625530839
577284a2edc2cb3880fe78d5,312,0.8689508288534594
577283cdedc2cb3880fbdd42,312,0.8399137729344112
577286ddedc2cb38800581b2,134,0.9714521718625658
577287deedc2cb3880089cf2,347,0.8645931973128641
577278d3edc2cb3880d93f56,72,0.9928382691235798
57727259edc2cb3880c4cb0a,72,0.9995671593772366
57727904edc2cb3880d9e27e,388,0.9811653385169378
577278cdedc2cb3880d93804,281,0.9317692180623951
57728a0dedc2cb38800fc320,31,0.9907445666380071
577288d3edc2cb38800bcc16,350,0.892463692423485
57728192edc2cb3880f4f237,159,0.9621186065035715
577282b9edc2cb3880f8a787,88,0.9353068420077053
57728363edc2cb3880fa9f24,310,0.8545494449875064
577286ddedc2cb3880058192,312,0.8597161849365632
577288e3edc2cb38800be6c2,5,0.846890201036605
57727f7aedc2cb3880ee1191,208,0.8288014610424855
57727681edc2cb3880d1d3d4,350,0.9284167359592158
57728287edc2cb3880f80685,401,0.910900155282225
577285c7edc2cb3880023a69,72,0.9969347466515543
57728287edc2cb3880f806b5,409,0.8602468662339828
57727c4bedc2cb3880e413b5,205,0.9396124230442057
57728047edc2cb3880f0a302,350,0.9777881695967662
57727c8fedc2cb3880e4c8b0,410,0.9810274048403413
57727ffeedc2cb3880efda99,415,0.9223793985667692
5772752fedc2cb3880cd9ffa,281,0.9656398517069603
57727048edc2cb3880bd965a,54,0.9674950321460184
57728a63edc2cb388010f269,363,0.9546172113891676
57728046edc2cb3880f0a10b,294,0.9403919573377484
5772849fedc2cb3880fe73ad,312,0.851018019387434
57728393edc2cb3880fb3148,281,0.9553905725044365
57728230edc2cb3880f6d3ef,260,0.7279163130628131
57726edcedc2cb3880b89e6c,61,0.9890171969600103
577289a9edc2cb38800e795e,151,0.9501039630129816
577287dcedc2cb3880089a7e,281,0.9706320761927516
57728593edc2cb38800192d8,250,0.8751032737988704
57728568edc2cb388000fe2e,281,0.9366229020477176
57728737edc2cb388006b6da,281,0.9356438182660888
57727fb2edc2cb3880eec163,250,0.9395259222009753
57726e74edc2cb3880b73bcb,211,0.9386533169630527
57728560edc2cb388000f134,377,0.9284434166185712
57726ea7edc2cb3880b7e98b,123,0.9047296635154066
5772864aedc2cb388003a8b9,357,0.9808788125874333
57728568edc2cb388000fe5e,294,0.9327643668584584
577283c5edc2cb3880fbd079,281,0.9656398517069603
577284e0edc2cb3880ff2bea,72,0.994378657110028
577284f8edc2cb3880ffa6c2,5,0.7800008428201041
577281f4edc2cb3880f62403,312,0.8378676683278661
57727551edc2cb3880ce05e0,368,0.9470810520546359
5772847bedc2cb3880fdee17,350,0.9802315674420413
57728095edc2cb3880f1c3f4,260,0.9484000769184848
57727f79edc2cb3880ee0f61,142,0.8352797371751608
57728377edc2cb3880fab2d0,377,0.9026320468194762
577275c9edc2cb3880cf5c9c,325,0.8861761435361033
57728712edc2cb3880062852,368,0.9546761282379481
57728535edc2cb38800059d9,383,0.950890974422366
57728061edc2cb3880f11eb2,368,0.9701928491952249
577281a7edc2cb3880f5132e,221,0.9742040489801634
57727f1bedc2cb3880ecedb3,260,0.927871186928262
587cf645edc2c9546c0d0c08,134,0.9952135979836061
57727202edc2cb3880c38c4c,239,0.9331477338523065
57727d0bedc2cb3880e6850b,61,0.9967267505395795
5772763cedc2cb3880d0bbc6,53,0.9601383655898161
577287caedc2cb388008282f,250,0.8689931020939317
577283e1edc2cb3880fbfdfe,260,0.9049723337621361
57727c82edc2cb3880e4b543,151,0.9986118041735953
57727d0aedc2cb3880e6840b,239,0.9909679722752127
57728136edc2cb3880f3bc05,350,0.9737192331405763
57728227edc2cb3880f6c4b3,407,0.8889279073089632
577283a9edc2cb3880fb5499,350,0.8629736420729507
577286d7edc2cb3880057746,404,0.9227285617529075
577287dbedc2cb3880089878,322,0.9784791283039151
577288e7edc2cb38800bed7c,239,0.9466458592974445
57727bd5edc2cb3880e2c6ef,165,0.9301096798322911
57728446edc2cb3880fd472d,219,0.9006485659286592
589c5342edc2cd40d4ab5509,239,0.9289674138509786
57727e10edc2cb3880e9b02d,350,0.9295513113712317
57727dededc2cb3880e927ed,414,0.9976094325355251
57727ba2edc2cb3880e2224b,394,0.8693544918045711
57728a95edc2cb38801197f6,88,0.9406595698368544
57728132edc2cb3880f3b5fa,72,0.9954795238934168
57727d5fedc2cb3880e75708,134,0.9929409982820837
57728046edc2cb3880f0a068,368,0.9000539291119422
57727da8edc2cb3880e86c1e,239,0.9854071179312411
577287dcedc2cb388008998a,54,0.9556628073636604
57727bbdedc2cb3880e24a5b,281,0.9760123582853142
57728591edc2cb3880018fd4,250,0.8710496863832914
57728192edc2cb3880f4f167,165,0.8651345736579021
57727634edc2cb3880d0b22a,250,0.8891777126705029
5772881aedc2cb3880095529,410,0.9522294939155547
5772857eedc2cb3880012064,239,0.9532573303989638
57728459edc2cb3880fdb63d,422,0.7852168961240187
577284ceedc2cb3880ff1001,350,0.8796045693600509
580e1509edc2c99c1cf0fadf,414,0.99995726048971
57728705edc2cb388006126b,239,0.9810478390850232
57728ab4edc2cb388011ca14,31,0.9945294372698265
57728269edc2cb3880f78144,410,0.8810909421497085
577287f4edc2cb388008c499,421,0.9227618044627935
57727e15edc2cb3880e9b893,61,0.9904855051357034
57726f0bedc2cb3880b94407,61,0.9921639652637098
59c4b298edc2c9a67c79b7fa,31,0.9956259911219703
57727d70edc2cb3880e7c519,61,0.9964048968820656
577283fdedc2cb3880fc7f1b,250,0.8531478669012865
577287e7edc2cb388008ac2f,70,0.8993880177723397
57728323edc2cb3880f9fad1,377,0.9791722896305393
57727fededc2cb3880ef6b57,5,0.9105810016159861
577284abedc2cb3880fe87e1,409,0.8756320206309373
57727ffeedc2cb3880efda29,33,0.9211555911237479
5772883dedc2cb388009e29b,260,0.9294902988253452
577286baedc2cb388004fb15,404,0.79786750601516
577283d1edc2cb3880fbe38c,281,0.9030031991935091
57727f3aedc2cb3880ed6f12,165,0.8775609264114306
57727cb9edc2cb3880e560b7,412,0.9640136406726165
57728393edc2cb3880fb3188,401,0.9049334207146126
577283a1edc2cb3880fb4737,377,0.9644693076016649
57728469edc2cb3880fdd217,350,0.8976286672875026
57727da5edc2cb3880e86898,239,0.9077598253820574
57727fa3edc2cb3880eeabc4,404,0.8447416514896546
577283e1edc2cb3880fbfdbe,88,0.9301818820534299
5772878bedc2cb3880077017,312,0.8446272283733531
57727f3bedc2cb3880ed7008,70,0.8335985265264627
5772838fedc2cb3880fb2c20,142,0.911796380107763
577276f1edc2cb3880d32623,414,0.99995726048971
57727681edc2cb3880d1d444,281,0.9751472431322878
577278bbedc2cb3880d8c4f4,350,0.9736404202568671
57727f7cedc2cb3880ee13cc,368,0.9616308518640138
57727016edc2cb3880bceb88,123,0.8786378011286738
58666b64edc2cd757c151ce3,239,0.9497317322083216
577287caedc2cb38800826ff,239,0.9415037724235522
577288ddedc2cb38800bde5d,260,0.9360987677911741
577280f0edc2cb3880f2feae,350,0.9158892970754123
57727800edc2cb3880d64d2d,61,0.9509332126311291
57727e57edc2cb3880ea75ca,415,0.9072028284006818
57728496edc2cb3880fe6a9c,281,0.9387873321727487
577283ccedc2cb3880fbdb8e,5,0.9135526404892661
57727f1aedc2cb3880eced71,283,0.9598174157606633
57727a6eedc2cb3880de788b,377,0.9865917791299071
5899c27eedc2c97aacea06a3,414,0.99995726048971
57728712edc2cb3880062752,368,0.9488637629251785
577284a6edc2cb3880fe7f65,250,0.8862438589770343
57728329edc2cb3880fa0441,368,0.9701928491952249
577279a7edc2cb3880dbeb14,368,0.9756068621700885
57728501edc2cb3880ffb43e,250,0.9011544739549647
57728047edc2cb3880f0a2e2,409,0.8109786042408854
57726f8eedc2cb3880bb1b69,72,0.9978849730336232
57727d69edc2cb3880e7bc70,377,0.9845940064839053
57728497edc2cb3880fe6c41,409,0.7291896182992436
57728014edc2cb3880effdb3,281,0.9350821723151319
5772779bedc2cb3880d4fdcf,256,0.8375961617276164
58cf89cbedc2c97b40318aa4,135,0.9849086375023625
577289d6edc2cb38800f1756,239,0.9921593469606941
57728639edc2cb3880038e56,414,0.99995726048971
57727d05edc2cb3880e67c60,368,0.9636973091448926
57727f4aedc2cb3880ed8966,205,0.835885842071239
5772850aedc2cb3880ffc307,414,0.99995726048971
57728143edc2cb3880f3d271,414,0.99995726048971
57727fbfedc2cb3880eed694,410,0.8328138205559333
57726e1bedc2cb3880b5f917,31,0.9979607205767111
57726e20edc2cb3880b60185,112,0.9923768927800586
57727aa9edc2cb3880df2c39,61,0.9891761464229726
57728467edc2cb3880fdced5,53,0.9624923965149373
57728952edc2cb38800d46d8,312,0.8585800504246038
577278beedc2cb3880d8c9e6,239,0.9781439764476623
57728503edc2cb3880ffb886,409,0.9271448461085258
57728360edc2cb3880fa9b6c,350,0.887691386469728
57726f84edc2cb3880bb11bd,321,0.9815165604912477
57728649edc2cb388003a757,322,0.9861079216052544
57726ea9edc2cb3880b7ee15,88,0.971829487022376
577278b0edc2cb3880d8b4da,72,0.9962846511804173
57727025edc2cb3880bd015a,61,0.9964917732882853
577285c7edc2cb3880023ae9,88,0.9336547604595462
57726f78edc2cb3880baa755,281,0.8940718491798386
57727fe9edc2cb3880ef656e,5,0.8385823771093456
57727e17edc2cb3880e9ba8b,322,0.9731837668161738
577287e4edc2cb388008a853,59,0.9537766123830858
57727d40edc2cb3880e72749,31,0.9979864698210189
577284b0edc2cb3880fe8feb,208,0.8817858475325928
5772841aedc2cb3880fcac6f,54,0.9752366863833016
57727cf9edc2cb3880e6140e,281,0.995669683422858
57727756edc2cb3880d45f1d,83,0.9978084668250268
577286abedc2cb388004e59c,414,0.99995726048971
577288c5edc2cb38800b61b9,180,0.9067436757062161
577282c7edc2cb3880f8be24,61,0.9889781933293276
577284f5edc2cb3880ffa088,59,0.8170222209808011
5772867dedc2cb38800449ac,61,0.9964048968820656
57726f4cedc2cb3880ba07ed,134,0.9903893130363165
5772857aedc2cb38800119ae,239,0.9871806124424084
577287cbedc2cb388008291f,409,0.9101620440650035
577284cfedc2cb3880ff12b5,368,0.9530245298529744
577284e2edc2cb3880ff2f9e,312,0.8653655268689356
57728508edc2cb3880ffbf83,239,0.991998331500141
5772848cedc2cb3880fe5b4f,61,0.9949520508661476
57727023edc2cb3880bcfe9a,414,0.99995726048971
57728a66edc2cb388010f72d,134,0.9726207713275452
57727e01edc2cb3880e99cc7,151,0.988680408601586
57728400edc2cb3880fc82a1,171,0.884587809281456
57728325edc2cb3880f9fdf7,414,0.9978422509437748
57728290edc2cb3880f81529,409,0.9274432009798798
57728781edc2cb3880075ea0,260,0.7922812949152552
57727ec8edc2cb3880ec22bc,59,0.9497574014036849
57728337edc2cb3880fa1ab9,31,0.9887313247284527
57726f83edc2cb3880bb115d,135,0.9588753218057908
57728069edc2cb3880f12c05,250,0.7801373780801876
57727f07edc2cb3880ecd41a,199,0.8700276024718965
577284a2edc2cb3880fe7a17,70,0.8696198030543343
57728501edc2cb3880ffb46e,250,0.8251926989005328
57726f47edc2cb3880b9ffaf,344,0.9909453004945207
57727d75edc2cb3880e7cc7c,134,0.9933943885973057
57728125edc2cb3880f3a11d,217,0.8937010738932079
577284cfedc2cb3880ff12e5,281,0.9620456829941416
577287ddedc2cb3880089ca2,383,0.9283961363016197
57727022edc2cb3880bcfc78,134,0.9890349661195073
577272f3edc2cb3880c6ccbd,211,0.9479662215012735
57727684edc2cb3880d1d7e4,294,0.9941029286984441
57728661edc2cb3880041fc1,226,0.7998430118390595
57728744edc2cb388006c92c,312,0.87050315078353
57727c70edc2cb3880e49c6a,239,0.9925421806776447
58af3168edc2c9b5f0b93c6f,88,0.9324546224593884
57727bd5edc2cb3880e2c6b3,260,0.9134168446370509
577287c8edc2cb388008243b,350,0.8293446583318608
57728291edc2cb3880f81709,182,0.8364068555602692
577288e2edc2cb38800be4c0,409,0.8574678490312722
5772774fedc2cb3880d4580b,72,0.9969088969409587
57727271edc2cb3880c54949,283,0.935918188766733
577276bfedc2cb3880d28492,239,0.9448655459065609
57727014edc2cb3880bce9a4,377,0.9721280707443052
57726f2fedc2cb3880b9d97c,401,0.9285169745935967
577287cbedc2cb3880082a41,72,0.9928382691235798
5772720bedc2cb3880c39b83,387,0.9867622065913809
5772840aedc2cb3880fc9351,53,0.9432633878699708
57727a3bedc2cb3880ddd492,72,0.9814880996295224
57726f3aedc2cb3880b9eb12,350,0.9746624459508132
5772831cedc2cb3880f9efa3,187,0.863332046358472
5772836fedc2cb3880faa6fe,239,0.8773123459838296
59839e9cedc2c9658c2f54cb,383,0.9777264424176048
57727752edc2cb3880d45d1b,39,0.921733429830831
57726ee9edc2cb3880b8b37b,331,0.8552154713559015
57728ac8edc2cb3880123ef5,54,0.9346966544870444
57726e2fedc2cb3880b61b1c,294,0.9897016060874388
577286c9edc2cb388005673b,334,0.9672618321654965
57728069edc2cb3880f12bf5,401,0.9139520468751983
57728649edc2cb388003a707,31,0.9982469435179677
57727f49edc2cb3880ed8882,312,0.879199335969032
5772870eedc2cb3880062051,377,0.9786595109577876
57727bb5edc2cb3880e23ec1,239,0.9935901939318665
5772798fedc2cb3880dbc700,294,0.9890366652398034
57728432edc2cb3880fd2615,230,0.8792113977121175
57726ea6edc2cb3880b7e812,322,0.9752835070631989
57728412edc2cb3880fca006,377,0.939011066468424
5772843fedc2cb3880fd3add,312,0.888216747441545
5772831fedc2cb3880f9f419,312,0.8034167794255348
57728294edc2cb3880f81b67,350,0.8804269074486386
577288a1edc2cb38800b2847,368,0.9396137598744058
5772845fedc2cb3880fdbfd9,72,0.9943644728769817
57727a9bedc2cb3880df1a8d,217,0.8714057656423324
5772842bedc2cb3880fd1b67,88,0.8656171737000875
57727448edc2cb3880cb82ee,61,0.9902973982925372
5772869aedc2cb388004cb5c,72,0.9969347466515543
577270e8edc2cb3880bfa395,336,0.9063381610148067
577289cfedc2cb38800f0b1d,239,0.9532573303989638
57727a6bedc2cb3880de7413,377,0.939016147898065
57728649edc2cb388003a7a7,142,0.901012691741428
57728883edc2cb38800aa71b,5,0.8539688164931553
57727cbfedc2cb3880e56987,142,0.9256574842577625
57727fdcedc2cb3880ef5080,134,0.9890020076945584
57728922edc2cb38800ca3f3,347,0.9052440361148293
57726f73edc2cb3880ba9ed3,171,0.8428428247158255
57727f6fedc2cb3880ee024a,409,0.8989855949917664
5772845eedc2cb3880fdbf29,377,0.9777552446736545
577288e6edc2cb38800bec9c,334,0.9565832705471375
57728500edc2cb3880ffb33c,350,0.8328452248740578
5772867cedc2cb38800447ca,350,0.9028625477422443
57727402edc2cb3880ca64d4,250,0.8524703552524535
57728661edc2cb38800420a1,209,0.7788717368283361
577286cdedc2cb3880056d63,219,0.8689405156964889
577270a4edc2cb3880bede8d,260,0.8929480150647924
57728984edc2cb38800de874,84,0.9911183141965527
57727cfaedc2cb3880e61514,72,0.9973870763547882
5772864aedc2cb388003a859,410,0.8886503262656308
577286cbedc2cb388005699f,72,0.9814880996295224
57727680edc2cb3880d1d244,281,0.8976718806008079
57728014edc2cb3880effeb3,281,0.9274112223443561
577280c3edc2cb3880f26379,312,0.8363676069256408
577282e6edc2cb3880f940ae,414,0.99995726048971
577286a9edc2cb388004e37a,217,0.9452429263966398
5772832eedc2cb3880fa0aff,312,0.8304105774680857
57727e35edc2cb3880ea430e,239,0.9797604411817228
57727f0cedc2cb3880ecdaf0,350,0.8091427309054561
57726e50edc2cb3880b6a78a,239,0.9674600517765173
5772860bedc2cb388002f229,120,0.9974914778088766
577284a1edc2cb3880fe7753,70,0.8010799112145761
58667c95edc2cd757c430d56,135,0.9947515331639742
57728a6bedc2cb388010feae,281,0.9552709793278809
57727c4eedc2cb3880e4181a,414,0.99995726048971
57728703edc2cb3880060f89,350,0.8599728917836947
57726e1fedc2cb3880b5ffb7,363,0.9163576203760091
5772842bedc2cb3880fd1b37,250,0.8475376697115132
57728235edc2cb3880f6dced,217,0.8719257765366164
57727f0fedc2cb3880ece00a,250,0.8192990183360728
57728780edc2cb3880075e30,205,0.7653966174937257
57726ef1edc2cb3880b8c046,377,0.9693140772118257
57727f6fedc2cb3880ee021a,281,0.9021902488752865
57726e7aedc2cb3880b744fa,414,0.9971480695098887
577282eaedc2cb3880f947c6,312,0.7585784014393026
577279ceedc2cb3880dc817f,409,0.8790221956992119
57727307edc2cb3880c746c7,31,0.9936873970311285
577271b2edc2cb3880c25d67,61,0.9964048968820656
5772881aedc2cb3880095439,294,0.9475510350127843
5772838fedc2cb3880fb2bd0,368,0.9433474188624926
577280f1edc2cb3880f2ffae,55,0.7412458611093188
57727bb9edc2cb3880e243c5,414,0.99995726048971
57728392edc2cb3880fb3008,410,0.9216298772587501
57726f2cedc2cb3880b9d434,53,0.9637770439746656
5772831cedc2cb3880f9efe3,312,0.847575151259642
577275a7edc2cb3880ced250,31,0.9963528717838971
577283d1edc2cb3880fbe39c,171,0.8928715366040301
577284dcedc2cb3880ff2574,88,0.9840671891937623
5772860bedc2cb388002f1d9,394,0.8693544918045711
57727016edc2cb3880bceb78,124,0.996578243957505
57727f73edc2cb3880ee0683,368,0.9996369144092612
57728325edc2cb3880f9fcf5,17,0.986949654109645
57727ffeedc2cb3880efda49,414,0.99995726048971
577277d2edc2cb3880d5ac3d,38,0.8418556945468004
5a4cf424edc2c900bcea7e1b,88,0.975011703436718
57727f77edc2cb3880ee0c1b,404,0.8696628100764806
5772883dedc2cb388009e34d,357,0.9783578505786259
57728069edc2cb3880f12bc5,219,0.9006663510144517
5772721eedc2cb3880c413e6,171,0.8485666239187912
57728491edc2cb3880fe631b,98,0.9688099015270637
5772805eedc2cb3880f11b3e,409,0.925270813959077
57726e17edc2cb3880b5f2ab,239,0.9900633872387606
57727269edc2cb3880c4e313,377,0.9857549417591203
577289e0edc2cb38800f2894,401,0.8446831764307349
57728133edc2cb3880f3b7ec,134,0.9926544441499705
57728a54edc2cb3880108612,61,0.9963197939271549
5772816dedc2cb3880f46297,70,0.920223013974405
57728562edc2cb388000f4da,72,0.9954795238934168
57727ce2edc2cb3880e5f6aa,377,0.9923118819051652
57727dfcedc2cb3880e99559,205,0.8024083245073773
59919e9aedc2c96e749c5c08,239,0.9761219318892208
57726f2cedc2cb3880b9d354,72,0.9969088969409587
57726ecfedc2cb3880b88945,401,0.9722329523832208
5772838eedc2cb3880fb292b,250,0.8394664067573652
577277ddedc2cb3880d61433,31,0.9926190241239665
57726e16edc2cb3880b5f1f5,414,0.99995726048971
577284aeedc2cb3880fe8c67,123,0.9260517989877636
57728401edc2cb3880fc8423,61,0.9430040146524087
57728784edc2cb3880076452,414,0.9981609075687846
57727a9eedc2cb3880df1d6b,61,0.9889781933293276
577286abedc2cb388004e65c,281,0.9934308002283728
5772755eedc2cb3880ce0f82,414,0.99995726048971
57728738edc2cb388006b84e,403,0.9516791585333737
57727fabedc2cb3880eeb82a,5,0.8395733540903959
57727300edc2cb3880c73cb3,17,0.9898079201643167
57727631edc2cb3880d0ae32,412,0.9846832134218221
57728221edc2cb3880f6bb61,409,0.818134702811423
57728172edc2cb3880f46b6d,401,0.9486144164428354
57727c88edc2cb3880e4bed5,88,0.9300982738790503
57727a6dedc2cb3880de7665,250,0.969319395931537
577283ffedc2cb3880fc8221,296,0.9342599983234385
577281c3edc2cb3880f59072,239,0.9856589713105031
5772823eedc2cb3880f6eb75,401,0.945242666676018
5772831cedc2cb3880f9ef23,357,0.9911839971850788
577284e7edc2cb3880ff369a,134,0.9890349661195073
577278cdedc2cb3880d936cc,217,0.8948477185700205
57727e73edc2cb3880eaf65f,414,0.99995726048971
5772798fedc2cb3880dbc680,61,0.9914013477675926
577287acedc2cb388007f7a5,350,0.931727412311097
57727d3eedc2cb3880e72395,88,0.933654760459546
577284e3edc2cb3880ff3020,321,0.9655841598144708
577280caedc2cb3880f26d05,142,0.8977233575555631
577288c2edc2cb38800b5c1c,31,0.9406410811603779
5772826bedc2cb3880f785ea,350,0.8908678595794032
577284fcedc2cb3880ffabc4,42,0.9722798502867505
57728508edc2cb3880ffc073,350,0.9670663703756118
57726e19edc2cb3880b5f5e5,239,0.9888335149551615
57728628edc2cb388003750f,70,0.8330426202902059
5772839bedc2cb3880fb3e11,260,0.7805675891489559
5772774fedc2cb3880d4590b,427,0.8939434107047758
577284d1edc2cb3880ff15db,409,0.9376502565623677
57727f45edc2cb3880ed8214,350,0.8752953881759685
57726f0fedc2cb3880b94ae6,142,0.9320909663292288
57728682edc2cb38800452df,250,0.8098541642526516
57727e0aedc2cb3880e9a957,217,0.9281287909498618
5772846eedc2cb3880fdda85,281,0.7659868090446704
577287ccedc2cb3880082af3,142,0.912049531988837
57728a95edc2cb388011984c,387,0.9785869504042577
577278beedc2cb3880d8c946,377,0.9931402300743888
57727d75edc2cb3880e7cd7e,239,0.9286096740043951
577284e2edc2cb3880ff2f7e,312,0.8575695658973487
577287cbedc2cb3880082a11,31,0.9971697837335962
577286ddedc2cb3880058172,239,0.990814531019492
57726efaedc2cb3880b92a04,239,0.9757208245879155
57727bbeedc2cb3880e24c4b,72,0.9905935749999099
57728285edc2cb3880f803f2,415,0.8752962753411172
57728051edc2cb3880f0b278,250,0.90673214623699
5772840bedc2cb3880fc93c1,88,0.9033698375920121
577280c3edc2cb3880f26359,260,0.7626116537090807
577287e6edc2cb388008aa89,331,0.827936606209262
57727f4bedc2cb3880ed8ad2,409,0.9221841582364154
57727282edc2cb3880c562b0,350,0.9699135474900391
577289dfedc2cb38800f2844,239,0.9907127801306119
57728984edc2cb38800de884,42,0.9483232213800454
57728328edc2cb3880fa01cd,250,0.872007535673609
5772808eedc2cb3880f1bd9f,210,0.9033093226502958
5772838dedc2cb3880fb28fb,437,0.8759808282044068
57726efeedc2cb3880b92f28,33,0.9106409088240175
5772869fedc2cb388004d327,312,0.8361534547129355
57727fa8edc2cb3880eeb332,368,0.9000539291119423
57727f46edc2cb3880ed8224,401,0.9106020644733603
57726f93edc2cb3880bb1ffb,39,0.9295447948178908
577281c5edc2cb3880f593fe,414,0.99995726048971
577284fbedc2cb3880ffaa84,312,0.8326169353605131
57727e08edc2cb3880e9a791,31,0.9774732116379238
57728136edc2cb3880f3bbd5,217,0.8949253321568044
57727ea3edc2cb3880eb95a5,322,0.9696557779089893
57728629edc2cb388003759f,219,0.8618370401038687
57728045edc2cb3880f09f0f,350,0.9657679823696171
57726f96edc2cb3880bb22db,401,0.945242666676018
57727e81edc2cb3880eb0a06,280,0.7632445961072987
57727e18edc2cb3880e9bbe1,239,0.9053698811276008
57727c96edc2cb3880e4d2cc,414,0.99995726048971
577288e2edc2cb38800be4d0,312,0.7784594624194178
57728536edc2cb3880005c0b,159,0.8686778593608245
5772856cedc2cb3880010522,377,0.9600059858818352
57726f76edc2cb3880baa405,5,0.8155971053948631
57728711edc2cb38800626d2,239,0.9551245850122267
577271fcedc2cb3880c381da,414,0.9971258417045917
57728108edc2cb3880f322ce,414,0.99995726048971
57728459edc2cb3880fdb66d,39,0.9583508655299103
57728460edc2cb3880fdc119,134,0.985802021208759
577287c8edc2cb388008249b,331,0.8818652796367095
577271bcedc2cb3880c2c7fd,31,0.9870064886411294
577281a7edc2cb3880f5136e,31,0.9977966886209502
57727d70edc2cb3880e7c4c7,412,0.9761723654834005
58d01d37edc2c99318cc0e84,239,0.9753920082510692
577287afedc2cb388007fc4b,350,0.9407664237397824
577286c9edc2cb38800566d5,353,0.9497669914165062
57727aaaedc2cb3880df2c69,61,0.9892686916823579
57728947edc2cb38800d3356,350,0.976828008215155
57727d3eedc2cb3880e72335,31,0.9886411904321402
57726f0dedc2cb3880b94705,72,0.9856920592698969
57727f46edc2cb3880ed82d4,55,0.9079915948257152
5772701fedc2cb3880bcf7d0,409,0.9103702948974876
57727fb9edc2cb3880eecb7f,219,0.9011827957917934
57728913edc2cb38800c8b97,331,0.9644687067086529
577281aaedc2cb3880f514f0,250,0.932497065012147
57727291edc2cb3880c57a96,250,0.8593994549813355
57727e33edc2cb3880ea40a9,123,0.9088055333616111
577281c5edc2cb3880f5948e,239,0.9921593469606941
57726e37edc2cb3880b6291e,393,0.9910665970116411
57728266edc2cb3880f77c0d,409,0.9354383630835172
57727f44edc2cb3880ed8062,331,0.8841542420473913
58b1ad68edc2c937ccb8e048,88,0.9212677948512967
58d12bb8edc2c94f904de10b,88,0.9829183928316615
57727800edc2cb3880d64c8f,294,0.9666684691993024
57728723edc2cb3880064356,312,0.8495202274171599
57727019edc2cb3880bcf01a,414,0.9971100476097836
577271c1edc2cb3880c2d08d,377,0.9004292344329535
57727d70edc2cb3880e7c529,377,0.9868894383919196
57727d86edc2cb3880e7e4a0,31,0.9956053189266532
577283a3edc2cb3880fb4aeb,409,0.9327721324285666
5772869aedc2cb388004cc10,368,0.9376101875362941
57726f11edc2cb3880b94df9,161,0.8869487732123001
57727ffeedc2cb3880efda09,239,0.9870645772868208
5772842cedc2cb3880fd1c87,219,0.8764364487409804
577284a3edc2cb3880fe7a97,250,0.8161456840954309
5772877cedc2cb38800756b7,239,0.9627454011931302
57727f46edc2cb3880ed8254,350,0.9777881695967662
57728193edc2cb3880f4f2d7,70,0.9779678611869013
57727553edc2cb3880ce0720,194,0.770824427527259
577278b1edc2cb3880d8b678,61,0.9957379638888305
57727f73edc2cb3880ee0623,312,0.8640247393305556
577287c4edc2cb3880081dab,350,0.973640420256867
577275f3edc2cb3880cff835,239,0.9911007409764797
577287ceedc2cb3880082e4b,281,0.9176613541335751
57727fa5edc2cb3880eeae36,350,0.9144378131365756
5772861aedc2cb3880030abd,322,0.9781679707045412
58aae502edc2c923e4650713,414,0.99995726048971
577283a9edc2cb3880fb5459,415,0.8547876884451843
57727ffeedc2cb3880efd9b9,221,0.9793358254805885
57728a80edc2cb3880112321,151,0.9501039630129816
577284faedc2cb3880ffa922,331,0.8937482965365098
577288c5edc2cb38800b622b,187,0.8017042221812499
57727036edc2cb3880bd1d1a,412,0.9848441565155576
577287daedc2cb3880089637,134,0.9952074690140882
57728287edc2cb3880f80695,250,0.8543743926722384
598d7457edc2c955f8bb853e,414,0.99995726048971
5772827fedc2cb3880f7fa12,260,0.8519841154120094
577270f2edc2cb3880bfb423,377,0.9670777588019253
577281c2edc2cb3880f58fb0,239,0.9935901939318665
577273c5edc2cb3880c9c27d,260,0.9403569965661918
57728048edc2cb3880f0a362,219,0.8331785495906824
577280d9edc2cb3880f284d2,404,0.9874551534015468
57728985edc2cb38800de906,61,0.9832545727955126
57727178edc2cb3880c1a3f0,239,0.9283823922086287
5772863bedc2cb38800391ea,312,0.8846875126565144
57728363edc2cb3880fa9f44,409,0.9025266160801602
57728372edc2cb3880faabb8,353,0.9853407577369085
57727f44edc2cb3880ed7f90,312,0.8995496301466741
5772849aedc2cb3880fe6c81,331,0.8713115359005424
57727e25edc2cb3880e9d213,31,0.9956259911219703
577284faedc2cb3880ffa942,409,0.7978643261182338
57726e38edc2cb3880b62a41,254,0.9932602503485821
5772845cedc2cb3880fdba4f,219,0.8595912873704238
57727564edc2cb3880ce1644,31,0.9907579486480059
5772873bedc2cb388006bc6d,103,0.813960432558481
57727692edc2cb3880d1ed75,31,0.9674415420720741
57726f76edc2cb3880baa425,415,0.8752591996983999
5772881aedc2cb3880095479,260,0.7806695932790241
57727903edc2cb3880d9e116,358,0.9663029803045438
577284f5edc2cb3880ffa16a,135,0.9471062890822434
57727db0edc2cb3880e877dd,61,0.9888944062015537
57727a9aedc2cb3880df184d,415,0.9138428658600144
57728400edc2cb3880fc8383,61,0.9852090849849094
5772853fedc2cb3880006a44,377,0.9131266939388257
577274e8edc2cb3880cce6cf,350,0.9746624459508132
57726f4eedc2cb3880ba09ad,414,0.99995726048971
57728337edc2cb3880fa1a57,414,0.99995726048971
57727fdbedc2cb3880ef4f5c,239,0.9840368990094861
5772839bedc2cb3880fb3e31,312,0.8801576686066539
57727f6eedc2cb3880ee0168,409,0.8866057200094336
57727634edc2cb3880d0b127,219,0.9003483321542566
577284ffedc2cb3880ffb21c,350,0.9054977500398924
57727c73edc2cb3880e49fee,187,0.8591697491238552
5772823dedc2cb3880f6e971,53,0.9448507368441593
577281bfedc2cb3880f58afa,23,0.8562004357811744
5772820bedc2cb3880f648b2,377,0.9793583071643356
5864c292edc2c98d6c50bd1e,383,0.869576851278211
57728966edc2cb38800dbb58,134,0.9960096274002382
57727403edc2cb3880ca6624,239,0.992217022922374
57727016edc2cb3880bcebd8,134,0.995228441986073
57728668edc2cb38800428c4,159,0.7918050343408766
577281a5edc2cb3880f50ebb,368,0.9643401513706468
57728136edc2cb3880f3bc95,350,0.9359833519022916
5772843bedc2cb3880fd337d,404,0.853178067566381
57727a0fedc2cb3880dd3a49,377,0.9483223374117241
577287ccedc2cb3880082b03,322,0.9731078802758104
577286a1edc2cb388004d66b,61,0.9945413675776048
57727301edc2cb3880c73de3,414,0.99995726048971
577275e6edc2cb3880cf8b29,357,0.9791797068512968
57727334edc2cb3880c7ea9a,414,0.9976094325355251
57728446edc2cb3880fd476d,31,0.9973783252812511
57728ac8edc2cb3880123f3e,409,0.916773354451793
577276eaedc2cb3880d31b33,414,0.9975182915363032
57728295edc2cb3880f81cf9,328,0.9376254511865594
577280d9edc2cb3880f28410,61,0.9892982955223674
5772853eedc2cb38800069d2,5,0.8209725278856482
57728223edc2cb3880f6bf67,88,0.9433268379125124
57727637edc2cb3880d0b5e0,296,0.9310913335575723
577287adedc2cb388007f8e5,350,0.9254634530440364
577281a7edc2cb3880f5133e,334,0.9781005382530764
57727ffdedc2cb3880efd8a9,134,0.991099967844357
57727022edc2cb3880bcfca8,88,0.9298505063055383
577287e5edc2cb388008aa07,250,0.8908658112111688
577279cfedc2cb3880dc828f,260,0.8757322962793983
57726e35edc2cb3880b625b6,88,0.9639223366428377
57727e48edc2cb3880ea5dfe,134,0.9902916568792017
577288a5edc2cb38800b2ef2,401,0.9252134008160193
577276e9edc2cb3880d31a1d,42,0.9946846895155352
57727fa4edc2cb3880eead26,260,0.9324428744249373
57728602edc2cb388002e458,322,0.9866556667132204
57726ebfedc2cb3880b81217,55,0.943982686962521
577278dbedc2cb3880d949be,134,0.9887576644178824
577288e2edc2cb38800be4a0,78,0.8810806093341919
577287cdedc2cb3880082d89,61,0.97843164331211
57727ca2edc2cb3880e53ccb,387,0.973290568676901
577286a6edc2cb388004def4,70,0.9807107096996315
57728704edc2cb38800610e9,409,0.9007936059571002
577284a7edc2cb3880fe81c7,205,0.774413517751352
57728a7fedc2cb3880112241,414,0.99995726048971
5954fa32edc2c93644c38f1b,31,0.992375276413556
57727c76edc2cb3880e4a484,31,0.9941196637568851
57727d1dedc2cb3880e6a02e,239,0.9893667383330992
5772845cedc2cb3880fdbb41,312,0.8759179848823238
57728143edc2cb3880f3d1c1,239,0.9901839527248554
577280f7edc2cb3880f306a9,217,0.9140728788178082
577286c5edc2cb388005609d,260,0.9185687076709518
57727fededc2cb3880ef6ba7,404,0.9620200879668099
57727f54edc2cb3880ed9092,165,0.8136829464225291
577278bbedc2cb3880d8c504,134,0.9933943885973057
57727f50edc2cb3880ed8d9c,142,0.9781590080150924
57726e7eedc2cb3880b74afa,377,0.9788153657883637
57727d0aedc2cb3880e683bb,239,0.9935942895700155
5772816eedc2cb3880f46427,331,0.8532124646370891
57728709edc2cb3880061955,412,0.99228509221192
577280e3edc2cb3880f29328,344,0.9858063504328253
577280fcedc2cb3880f30f41,123,0.9442406629983606
5772809bedc2cb3880f1cd20,368,0.9761533556589003
577281a9edc2cb3880f513be,134,0.9948896348958648
57727fbcedc2cb3880eed207,336,0.8782153610047064
5772836fedc2cb3880faa6ee,379,0.7612072188018406
5772727bedc2cb3880c556b8,377,0.9690023103116966
57726ecfedc2cb3880b8890f,239,0.9472932668350325
5772809aedc2cb3880f1cb27,199,0.8700464994666387
57728347edc2cb3880fa8716,205,0.819491620466372
57727e10edc2cb3880e9b01b,134,0.9956885356982398
57728290edc2cb3880f81549,151,0.9812777220800001
5772866fedc2cb388004339f,409,0.7715010393696888
577284ceedc2cb3880ff1041,350,0.8583767549552754
57727f6bedc2cb3880edffeb,155,0.8855609853837864
57727f04edc2cb3880eccefa,350,0.933085887084346
57726e7cedc2cb3880b7470a,134,0.9883167951330395
57726e21edc2cb3880b60386,377,0.9495678516753358
57727c20edc2cb3880e38156,281,0.9786431995484907
57728284edc2cb3880f800e0,155,0.9505978785186591
57727f42edc2cb3880ed7bbf,205,0.7535382520119722
57727cfaedc2cb3880e61524,61,0.9861027142224108
57728789edc2cb3880076cb1,239,0.991430776758349
57728143edc2cb3880f3d241,414,0.99995726048971
57727fbcedc2cb3880eed167,171,0.8993488458823664
577286a1edc2cb388004d71d,260,0.9506506804092429
5772869dedc2cb388004d026,31,0.9813355585377681
58d021c4edc2c99318e4f52c,377,0.9923314592337145
57727fdbedc2cb3880ef4f7e,281,0.9760123582853142
577270d5edc2cb3880bf864f,350,0.9741665949272363
577282b3edc2cb3880f89dd9,312,0.8460224677982475
57727f4dedc2cb3880ed8bb5,409,0.7987622965944693
577276e4edc2cb3880d31345,54,0.9927066688393263
57728955edc2cb38800d4b93,239,0.9264525059578063
57726e39edc2cb3880b62ba7,239,0.9590598474357159
57728268edc2cb3880f77f7d,239,0.9472932668350325
5772823dedc2cb3880f6eaa3,350,0.973640420256867
5772849eedc2cb3880fe722b,409,0.9074808216915635
57727274edc2cb3880c54ea5,61,0.9889116498548521
57727af4edc2cb3880e046e3,61,0.9967267505395795
57728395edc2cb3880fb359c,72,0.9872519834425368
5772883dedc2cb388009e2fd,165,0.9812732150515197
57728284edc2cb3880f80160,334,0.9503735609459748
57727d74edc2cb3880e7cbb6,377,0.9542809619619357
57728503edc2cb3880ffb816,350,0.9653773054217364
57727dd7edc2cb3880e90b9f,239,0.9936220981128925
577279d2edc2cb3880dc86f2,72,0.9928382691235798
57727218edc2cb3880c40aa9,350,0.976828008215155
57727e48edc2cb3880ea5dea,61,0.9627160907793703
5772874cedc2cb388006d0f5,182,0.8048403562742258
57728a95edc2cb38801198e7,401,0.9683512812813059
57728707edc2cb3880061571,165,0.8198833543122324
57728661edc2cb3880042081,281,0.9134645900159771
57727699edc2cb3880d1f809,134,0.9826206397467971
57728508edc2cb3880ffc013,134,0.998264338583425
577284e5edc2cb3880ff3516,134,0.9925949651731951
57727b78edc2cb3880e18f04,286,0.9425001399703217
577278e1edc2cb3880d95432,414,0.99995726048971
57727e83edc2cb3880eb0ddb,363,0.9142859557547828
577280fcedc2cb3880f30f81,440,0.9238950117294731
57726e7aedc2cb3880b7448a,377,0.8999625642913329
57727f2dedc2cb3880ed5f69,415,0.8910977526396906
57727f3eedc2cb3880ed755b,350,0.8976286672875026
58d10333edc2c94f902fbc77,205,0.8808903243491972
57727d4eedc2cb3880e73cda,294,0.9765653519214603
57727c4bedc2cb3880e41335,350,0.892463692423485
57727af3edc2cb3880e04523,165,0.9495396816980641
577285e5edc2cb3880026485,165,0.8624138652188116
5772800fedc2cb3880eff649,50,0.9445912687092842
57728904edc2cb38800c71a4,250,0.8428285234032956
57727279edc2cb3880c55548,322,0.9834742810952917
57728298edc2cb3880f82115,31,0.9977966886209502
57727c1aedc2cb3880e3773a,415,0.9066470863594528
57727a9bedc2cb3880df1a3d,31,0.9787426754149068
5772847bedc2cb3880fdedd7,42,0.9812257101273668
577286deedc2cb3880058258,312,0.8372622953472864
57728947edc2cb38800d343a,409,0.8945448641698716
5772849bedc2cb3880fe6dd3,5,0.8250982392446468
57728327edc2cb3880fa010d,260,0.939277864084661
57728a66edc2cb388010f677,72,0.9973870763547882
57726ff2edc2cb3880bc5477,142,0.969093564152108
57727ee7edc2cb3880ec4fd6,377,0.9791722896305393
57728984edc2cb38800de854,239,0.9849462991873043
57728751edc2cb388006d40d,281,0.9366229020477176
57728170edc2cb3880f467e9,199,0.8798983423208032
57727685edc2cb3880d1d8e6,294,0.9665618572792259
57728789edc2cb3880076c1f,250,0.7964786806856016
5772869fedc2cb388004d3b7,70,0.9437216194361056
57727cd5edc2cb3880e5e21b,414,0.99995726048971
57728947edc2cb38800d345a,387,0.9874758309405591
57728a4bedc2cb3880107797,377,0.9736509957155469
57727f1cedc2cb3880ecefd3,350,0.9000309382023317
57727425edc2cb3880caefab,377,0.8944165231939326
57727f1aedc2cb3880ecec81,368,0.9000539291119423
5772850bedc2cb3880ffc397,142,0.9794316939506628
57728758edc2cb388006da7a,39,0.936260364565628
577282f4edc2cb3880f958ac,5,0.778896853771568
57726f58edc2cb3880ba7503,283,0.9549965998102445
57727f2dedc2cb3880ed5ec7,54,0.9858137110484135
57727d75edc2cb3880e7ccde,414,0.99995726048971
57728a67edc2cb388010f875,134,0.9815745845339446
57727fe3edc2cb3880ef5be8,409,0.9185835373695828
577271d8edc2cb3880c2edf6,113,0.9451535630423089
57727fa5edc2cb3880eeae48,409,0.9060557804202877
57727da7edc2cb3880e86aac,31,0.9963132630870715
57727fa2edc2cb3880eea904,250,0.9388510443131957
57726e81edc2cb3880b74f34,250,0.7424593292417611
577280c2edc2cb3880f261a5,409,0.9258482643178214
57727024edc2cb3880bd002a,281,0.991683815884425
577272dcedc2cb3880c6a79b,31,0.9943322156879618
57727990edc2cb3880dbc88a,377,0.9845168618020311
57727dacedc2cb3880e8724b,165,0.8134809603590464
596f9062edc2c953f4a9cdf5,226,0.8512384299601686
57726f0cedc2cb3880b945e5,31,0.9709772058639746
57726fa8edc2cb3880bb334d,70,0.8335985265264627
57727637edc2cb3880d0b6b2,239,0.9925421806776447
577277dcedc2cb3880d61295,377,0.9937724818251422
57728336edc2cb3880fa18c5,368,0.9527781611103016
577286fcedc2cb3880060597,283,0.9540723084501597
5772866bedc2cb3880042ea3,151,0.9744139976088732
57727e80edc2cb3880eb0896,61,0.9848428748358985
57728a7fedc2cb38801120f1,151,0.9711814799499812
577286efedc2cb3880059e3d,31,0.9971777621276068
57728144edc2cb3880f3d2a1,377,0.97800752040379
587cf645edc2c9546c0d0c0e,57,0.9835265422699496
57727d58edc2cb3880e74c56,72,0.9905935749999099
577287f4edc2cb388008c449,334,0.9471917706544615
57727efaedc2cb3880ecc088,404,0.8594730295074209
57727e12edc2cb3880e9b287,281,0.9345313079708663
57728496edc2cb3880fe6a67,350,0.9670897879351058
577285f7edc2cb388002d388,410,0.938743046662667
57728a17edc2cb38800fd50d,414,0.99995726048971
57726eaaedc2cb3880b7eeb1,239,0.9862815199477314
57726f03edc2cb3880b93768,61,0.984817471806222
57728736edc2cb388006b3d6,350,0.9158892970754123
577278d9edc2cb3880d9481e,151,0.8965296542150978
577287cbedc2cb38800829d1,54,0.9657463481112568
57727760edc2cb3880d467bd,328,0.8941576271557871
5772850bedc2cb3880ffc327,72,0.9954692015280122
57727cd6edc2cb3880e5e48b,414,0.99995726048971
57cd005cedc2c99704d737cb,281,0.9747143034974026
57727a9aedc2cb3880df183d,21,0.9866173449195762
594cd0feedc2c97b8c101210,401,0.8446831764307349
5772866cedc2cb3880042ee3,350,0.9668044915050028
57728428edc2cb3880fd162f,260,0.8875834047659468
5772837eedc2cb3880fabd62,414,0.99995726048971
5772812dedc2cb3880f3ad6d,409,0.8990151746860802
57727d4fedc2cb3880e73d6c,414,0.9976052718758692
5991a373edc2c96e74e35d2a,377,0.9445449466731959
577286b3edc2cb388004f11a,239,0.9814229623940934
57727145edc2cb3880c0f349,88,0.9665093658809379
5772862aedc2cb38800377b1,404,0.9393782523502889
57727dd0edc2cb3880e90169,250,0.9144597762938723
5772867bedc2cb388004473a,431,0.919177869482657
57728372edc2cb3880faab56,239,0.9581833651511993
57727181edc2cb3880c1b3f0,281,0.915616032412556
577281c3edc2cb3880f59102,312,0.8836413152270115
57727e34edc2cb3880ea4149,281,0.9366229020477176
57728224edc2cb3880f6c009,72,0.994378657110028
577278deedc2cb3880d95010,414,0.99995726048971
57727d5eedc2cb3880e754f8,72,0.9955132352666634
57726f0dedc2cb3880b946e5,134,0.9960250859156611
57728723edc2cb3880064316,350,0.8763278246286385
57727a3eedc2cb3880ddd8a2,350,0.9472011870574903
57727c96edc2cb3880e4d33c,42,0.9649617302034902
5772838eedc2cb3880fb2a2e,70,0.9378700046562928
57728030edc2cb3880f07e00,205,0.809348626947689
577286ddedc2cb3880058162,409,0.8971659111736101
57727f88edc2cb3880ee2668,59,0.9722948560851008
57727daeedc2cb3880e8763d,150,0.8928460578407996
577286c8edc2cb3880056588,165,0.81264749187371
57728173edc2cb3880f46c1f,220,0.720591695872468
57727efaedc2cb3880ecc09e,409,0.8113748322123322
57727071edc2cb3880be31f3,239,0.8915313456511472
58d5bbc0edc2c9a0c4afd0ff,165,0.8519388858950662
577276beedc2cb3880d28442,134,0.9933796224976894
57728503edc2cb3880ffb806,31,0.9727470393643041
57727a38edc2cb3880ddcfd2,134,0.9944020774758908
57727680edc2cb3880d1d2d4,368,0.8862735010616665
577283ceedc2cb3880fbdea4,334,0.9115172510069363
57727f04edc2cb3880ecceea,151,0.9717214629878482
57727f7bedc2cb3880ee1399,5,0.8730943788599733
57727dabedc2cb3880e86f90,219,0.9149257603670676
57727d4fedc2cb3880e73e5c,72,0.9973870763547882
577284f5edc2cb3880ffa0d8,1,0.87470866588084
57727015edc2cb3880bcea64,54,0.9547504850093601
57728335edc2cb3880fa1775,250,0.9029881118824771
57728593edc2cb38800191c6,260,0.9562649780196669
577286feedc2cb38800609ea,205,0.76517057689658
577286ceedc2cb3880056edb,70,0.9806511072909292
5954fa31edc2c93644c38cdc,0,0.9711238321952501
57728649edc2cb388003a6e7,88,0.9786616274789324
57728171edc2cb3880f46a7d,252,0.8636830656610102
577285e7edc2cb388002684d,350,0.8201516828427668
57727ca2edc2cb3880e53ceb,412,0.9924766559575643
59ca15eeedc2c92484219b9d,414,0.99995726048971
577281a5edc2cb3880f5101f,239,0.9599828670069415
5772873aedc2cb388006bb8d,322,0.9551635912474381
57728170edc2cb3880f468cb,409,0.8559954849623318
577286f0edc2cb388005a031,368,0.9145527376208624
5a4cf41dedc2c900bcea5fc9,142,0.9786395143803458
5772839bedc2cb3880fb3e41,366,0.7909175509111969
577276b9edc2cb3880d27bba,377,0.9332795004699126
5772848cedc2cb3880fe5c4f,239,0.9935901939318666
577283ceedc2cb3880fbded4,404,0.9441588413495612
5772846eedc2cb3880fdda75,404,0.9253042227773576
57727f8cedc2cb3880ee2e12,281,0.9596150409578373
577282ecedc2cb3880f94b68,281,0.9366229020477176
57728045edc2cb3880f09fef,53,0.9099524462697804
57727d75edc2cb3880e7cc9e,377,0.9844032508291762
57727accedc2cb3880dfb4b9,357,0.9671568701581666
57728284edc2cb3880f80130,88,0.9762092567271878
577283cbedc2cb3880fbda59,313,0.924501211028615
577280c1edc2cb3880f26075,281,0.9035119077504459
57728571edc2cb3880010cd2,260,0.9632536006613817
57728290edc2cb3880f81599,409,0.9255055605279859
577282c0edc2cb3880f8b370,61,0.9843121948638857
57727c8fedc2cb3880e4c960,239,0.9935901939318666
57728738edc2cb388006b7fe,334,0.9364676862049811
57726e21edc2cb3880b603e5,134,0.9904363889838508
57727bc5edc2cb3880e257c5,383,0.9178067698563813
57728171edc2cb3880f469ed,312,0.8807539719918276
58667c95edc2cd757c430d46,414,0.99995726048971
57726f2aedc2cb3880b9cf97,239,0.987064577286821
57728353edc2cb3880fa905e,260,0.9506506804092429
577280caedc2cb3880f26df5,22,0.9852779769414385
5772845bedc2cb3880fdb99f,219,0.88923802618735
577272f4edc2cb3880c6cf4d,180,0.9887225389686878
57726ef9edc2cb3880b9278e,239,0.9472932668350325
577287c4edc2cb3880081deb,281,0.8570989059653659
57727152edc2cb3880c10ba4,142,0.969900160935388
577284fcedc2cb3880ffab64,350,0.8763278246286385
57726f4fedc2cb3880ba0b6d,383,0.9837431114434566
57727659edc2cb3880d14378,377,0.9830638161338566
57727de1edc2cb3880e91689,219,0.857529872960691
5772816fedc2cb3880f466e9,270,0.8966564364514167
577286a1edc2cb388004d63b,134,0.9926544441499705
57726e1aedc2cb3880b5f7a5,283,0.9681443975941538
57726e50edc2cb3880b6a7d0,112,0.9962372085410519
57728595edc2cb38800194bc,260,0.9137398158226244
577284ccedc2cb3880ff0deb,312,0.7953512351526384
57728591edc2cb3880018fa2,165,0.908181726145027
57728061edc2cb3880f11f32,350,0.8696933961408032
57727da7edc2cb3880e86aec,31,0.9985921720474769
57728948edc2cb38800d360a,280,0.8053499834666931
57728347edc2cb3880fa8656,5,0.8071596584986938
57727c76edc2cb3880e4a4c4,31,0.9926190241239665
57728a95edc2cb388011985c,134,0.9903515984908156
57728aceedc2cb38801248fd,350,0.9666855579553865
577280d9edc2cb3880f284c2,260,0.9496053741322115
57727e94edc2cb3880eb7d3d,213,0.9784865370393063
57728a53edc2cb3880108562,377,0.993448297804904
577276b0edc2cb3880d27165,217,0.8222449857637915
577287c9edc2cb388008256b,321,0.9907694352640267
577288e7edc2cb38800becfc,414,0.99995726048971
577286ceedc2cb3880056e67,217,0.9489157103010468
57728742edc2cb388006c6f8,205,0.8817990364946714
57727990edc2cb3880dbc91a,61,0.9907853781861513
57727028edc2cb3880bd06da,322,0.9775548776787896
57728417edc2cb3880fca8b7,368,0.8858509577426984
5772825eedc2cb3880f76fc9,260,0.9673449494552293
57727f92edc2cb3880ee38dc,377,0.9207858080020735
57726e92edc2cb3880b76d02,22,0.991533166078586
5772837fedc2cb3880fabf59,377,0.9825661888340947
577283cdedc2cb3880fbdd74,239,0.7287527225462876
57726eceedc2cb3880b885df,88,0.9510759790105425
577283f7edc2cb3880fc748b,260,0.9744618144017049
577274e9edc2cb3880cce87f,404,0.865085957105965
57a2eedaedc2c92150bf041e,239,0.9726884056093169
577286e4edc2cb3880058c60,368,0.9996369144092612
5772820aedc2cb3880f647bc,312,0.832422125117213
57728702edc2cb3880060ee9,316,0.7990766968768627
57727bbfedc2cb3880e24d5e,151,0.9988739789804403
57727785edc2cb3880d4e679,414,0.99995726048971
57726e35edc2cb3880b624b8,61,0.9967267505395795
57728497edc2cb3880fe6c31,350,0.9177820015833056
57727e81edc2cb3880eb0a26,120,0.9912470507657234
5772823eedc2cb3880f6eab3,219,0.8498647390719356
577281abedc2cb3880f515b0,409,0.922904763836931
57728391edc2cb3880fb2f68,414,0.9975706575066224
57727f2dedc2cb3880ed5f79,31,0.9966415807357059
59bfd052edc2c9554cdc877b,415,0.9145584951248469
5772883eedc2cb388009e46f,5,0.9245698712828292
577283fcedc2cb3880fc7d6b,350,0.8702330112934208
57728a37edc2cb3880105a56,217,0.9427777220644671
57728661edc2cb3880041fa1,404,0.9596004791731896
577281f4edc2cb3880f62371,260,0.8576790562943795
577284d2edc2cb3880ff164b,350,0.8976286672875026
57728723edc2cb3880064336,250,0.8316810368585298
57728593edc2cb38800191a6,96,0.8496518523116926
577281f6edc2cb3880f6264b,61,0.9833481071582252
57728562edc2cb388000f52a,239,0.9894308902258483
577272feedc2cb3880c738f3,88,0.9298505063055383
57727202edc2cb3880c38bec,322,0.9842672732246096
57727d39edc2cb3880e71c6c,142,0.9629802699066801
5772864fedc2cb388003af25,312,0.8719353779813752
57728945edc2cb38800d30f4,387,0.9906472183485835
577283a3edc2cb3880fb4b4d,260,0.8713817118974588
57728444edc2cb3880fd4437,431,0.9283412963407093
5772861aedc2cb3880030a9d,61,0.9966129544626847
57727d68edc2cb3880e7bbd0,239,0.9925421806776447
577289e5edc2cb38800f30cf,134,0.9889414764395215
57728209edc2cb3880f64546,409,0.9376502565623677
57727ee7edc2cb3880ec4fe8,72,0.9814880996295224
57727c92edc2cb3880e4cd78,72,0.9928382691235798
577278c0edc2cb3880d8cd3c,151,0.9866524599298555
58666b64edc2cd757c151cdd,377,0.8999625642913329
577286a2edc2cb388004d78d,205,0.9588437561195043
598e31f9edc2c91aa0736f91,422,0.7457822579543483
5772869dedc2cb388004d056,377,0.9668949698064412
57727d70edc2cb3880e7c4d9,377,0.9571893400897931
577284a3edc2cb3880fe7b33,123,0.912322509611501
57728847edc2cb388009f151,377,0.8906642999167194
57727fb8edc2cb3880eec9fd,70,0.9807107096996315
57727f06edc2cb3880ecd324,250,0.9372374359863105
57727f3aedc2cb3880ed6f22,368,0.9375451239712516
57728006edc2cb3880efe5d1,260,0.9444149294575912
577287afedc2cb388007fc3b,422,0.8875926862757176
57728ab3edc2cb388011c92e,415,0.9276263929394023
57727f32edc2cb3880ed66bf,281,0.9522900276745435
57728044edc2cb3880f09d4b,281,0.9534672424404996
5772842aedc2cb3880fd19d7,219,0.9581309173429897
57728949edc2cb38800d378a,142,0.8611229793268894
577287e7edc2cb388008ac3f,312,0.8372032411951761
577284a8edc2cb3880fe8267,250,0.8447112992552981
577285f6edc2cb388002d1b6,134,0.9974078758874613
577281c5edc2cb3880f594fe,31,0.9815756389440647
57727cfaedc2cb3880e614a4,377,0.9651022255824022
5772839fedc2cb3880fb43f5,409,0.9173242345518143
5772877dedc2cb3880075934,347,0.8775677086870953
57728329edc2cb3880fa0453,404,0.9650159718886626
57727efbedc2cb3880ecc2b2,246,0.9498533860537034
57726e85edc2cb3880b75732,368,0.9898837253439287
57727150edc2cb3880c106e2,61,0.9848428748358986
57727630edc2cb3880d0acaf,72,0.9905935749999099
577281a5edc2cb3880f50f9b,319,0.9084934487884304
57728223edc2cb3880f6bf27,134,0.9903421534382537
5772849bedc2cb3880fe6e33,350,0.8813226463809366
57728742edc2cb388006c658,409,0.8489105817473941
57727a3dedc2cb3880ddd7b2,413,0.9971428310813497
588d45b4edc2c9b47c37b6f1,72,0.9962923861523613
57728592edc2cb3880019004,409,0.9206489855460603
577284fbedc2cb3880ffaae4,70,0.9268937131587984
57727d9eedc2cb3880e85d7d,347,0.9264504521196021
57728006edc2cb3880efe5c1,205,0.9649838918643826
577287c9edc2cb38800826ad,88,0.9415346918519601
5772857bedc2cb3880011ab0,72,0.9973824226966265
5772831aedc2cb3880f9ebcf,54,0.9867727738760753
577286d9edc2cb3880057bcb,212,0.910255208804088
57727448edc2cb3880cb8319,414,0.9971100476097836
5772845aedc2cb3880fdb6dd,250,0.9251750084150744
57728781edc2cb3880075e70,260,0.8390454096108266
57728500edc2cb3880ffb3bc,409,0.9354383630835174
57728253edc2cb3880f760a5,88,0.9484343156410184
577287e9edc2cb388008b0d7,410,0.8957928163749629
5772700eedc2cb3880bc836e,113,0.929909340128461
57728393edc2cb3880fb31a8,72,0.994378657110028
577283f6edc2cb3880fc73db,70,0.8902530909628183
57726e49edc2cb3880b69d4f,414,0.99995726048971
5772843eedc2cb3880fd391b,189,0.7954346327655228
577280c5edc2cb3880f26657,312,0.8268962556535391
57726f0aedc2cb3880b94295,239,0.9766068593540881
57728715edc2cb3880062c0e,404,0.938728733916155
57728a54edc2cb38801085b2,414,0.99995726048971
57727aabedc2cb3880df2ec9,239,0.9730862127971737
57728123edc2cb3880f39ebd,39,0.939006698355628
57728290edc2cb3880f81539,350,0.8810066326817269
577280dcedc2cb3880f289e2,350,0.843487616139849
57728334edc2cb3880fa15c3,70,0.8259561589508946
577278ddedc2cb3880d94de0,31,0.9953773187581946
57728568edc2cb388000ff60,134,0.9890349661195073
5772883eedc2cb388009e3ff,70,0.8956607770898265
57727cbcedc2cb3880e564dd,120,0.9912470507657234
5772764fedc2cb3880d1344d,270,0.9187740225357168
577288a5edc2cb38800b2ed2,414,0.99995726048971
57727e57edc2cb3880ea753a,412,0.9880156731036458
57728500edc2cb3880ffb2bc,205,0.819491620466372
577280c2edc2cb3880f261d5,312,0.8380623704533886
57727fbbedc2cb3880eecfc5,368,0.9871834434599748
577287d9edc2cb3880089557,322,0.9783361186846519
577283d6edc2cb3880fbec6a,260,0.8384313554653056
5899c27eedc2c97aacea06b9,414,0.99995726048971
577284d2edc2cb3880ff161b,250,0.8900367105602951
577281c8edc2cb3880f5987c,350,0.9412419088951305
5772840aedc2cb3880fc9321,172,0.9648121267525467
57728715edc2cb3880062bbe,368,0.846991887323562
57728478edc2cb3880fde963,235,0.9637224551080972
57727016edc2cb3880bcec98,151,0.9946297989202171
57728446edc2cb3880fd471d,404,0.8755446982198465
57728468edc2cb3880fdd007,312,0.87819944734773
577288e7edc2cb38800bedac,239,0.9576913731179
5954fa34edc2c93644c3915a,151,0.9991810960275912
57727fbfedc2cb3880eed684,312,0.8479465655173715
577287b6edc2cb3880080850,151,0.9936660625170636
577278ceedc2cb3880d9383a,23,0.9486053127610357
57728413edc2cb3880fca0e6,142,0.9460794770502604
5772848cedc2cb3880fe5c5f,88,0.9142394204425626
57727d6fedc2cb3880e7c361,410,0.9089383766231771
57728478edc2cb3880fde8f3,347,0.9387360556855053
57728044edc2cb3880f09d9d,260,0.8794923351578943
57728437edc2cb3880fd2d7f,219,0.8816697828989263
57728609edc2cb388002ef99,61,0.9966448868739445
577287dbedc2cb388008991a,363,0.9432697453998391
57727bc6edc2cb3880e2587e,368,0.9823128175832294
577287cdedc2cb3880082cf7,281,0.9542376670404016
57727f04edc2cb3880ecceba,312,0.895544338914533
57727d5eedc2cb3880e755a8,414,0.99995726048971
57727f03edc2cb3880eccea5,350,0.975896594842124
57728629edc2cb388003753f,383,0.9133447522852616
577280e3edc2cb3880f293e8,260,0.8867208621254447
57726e38edc2cb3880b62a67,322,0.9572435739420244
57728223edc2cb3880f6bf37,401,0.9686810867860489
57728742edc2cb388006c648,260,0.9910487931190434
577278c3edc2cb3880d8d0a6,61,0.9921639652637098
577287c4edc2cb3880081e0b,414,0.99995726048971
5772756bedc2cb3880ce1d44,53,0.980884689786341
57728291edc2cb3880f815f9,239,0.9019616807964448
57727ca6edc2cb3880e54252,414,0.99995726048971
5772857dedc2cb3880011e30,239,0.9881517265864491
5772820bedc2cb3880f648f2,350,0.892463692423485
5a4cf425edc2c900bcea7fc9,88,0.9669724208957242
577275e4edc2cb3880cf87e7,239,0.9891478441649723
5772838eedc2cb3880fb2ab0,368,0.9488637629251785
5772857fedc2cb3880012104,61,0.9928776744122102
57726e51edc2cb3880b6a923,88,0.9513230911964892
57728740edc2cb388006c2d0,414,0.99995726048971
57727ee6edc2cb3880ec4ed4,350,0.9233615654959394
57727750edc2cb3880d45a1b,142,0.8945392168341952
585d2758edc2c93bbccdc0be,330,0.7833075443284889
57727ce6edc2cb3880e5fc02,134,0.9918886199338143
577283ddedc2cb3880fbf736,219,0.7703879160876554
577287dbedc2cb388008994a,280,0.905617778258143
5772842cedc2cb3880fd1bd7,260,0.9262833155129157
57727f90edc2cb3880ee3558,134,0.993317727355955
57728045edc2cb3880f09ebd,260,0.9545862536959183
57728a11edc2cb38800fca90,337,0.9852212726592481
57728295edc2cb3880f81ce7,42,0.9486884588177922
57726e19edc2cb3880b5f6f5,53,0.9477430165543835
577273feedc2cb3880ca5e94,151,0.9965591662087616
57728325edc2cb3880f9fe17,44,0.944774640623058
577288f6edc2cb38800c0721,409,0.9320294196146174
5772853fedc2cb3880006a02,165,0.8217918703635445
57727e18edc2cb3880e9bbf3,239,0.940483379684124
57728a74edc2cb3880110ed1,42,0.9208286315709899
591706d5edc2cc64a4ca7032,31,0.9451345870047221
5772849bedc2cb3880fe6d93,5,0.7418780930283613
577287dbedc2cb3880089898,70,0.9459871366158769
58dbc968edc2c958ec0165dd,250,0.9683362795345125
577286c8edc2cb3880056546,88,0.957560877593169
57727c96edc2cb3880e4d37c,387,0.9902578309560979
57728440edc2cb3880fd3c73,5,0.877499118332616
577282d5edc2cb3880f8d210,387,0.9804631541720337
57728619edc2cb388003099d,134,0.9845038288175557
577278b0edc2cb3880d8b4fe,414,0.99995726048971
58aae502edc2c923e4650715,334,0.9860896153233966
5772837fedc2cb3880fabf44,281,0.8927225136852684
57727e15edc2cb3880e9b839,72,0.984694359987756
57727b7aedc2cb3880e19134,322,0.9744315209113745
5772849eedc2cb3880fe723b,415,0.8968026373885383
577283ddedc2cb3880fbf7c6,409,0.9354383630835172
57727d69edc2cb3880e7bc20,61,0.9967267505395795
59839e9cedc2c9658c2f54c1,357,0.9808234935523533
57727c1bedc2cb3880e379f8,414,0.9924006843039396
57727acdedc2cb3880dfb563,239,0.9485846055101809
57727e12edc2cb3880e9b1f7,134,0.9944862884051553
57727e85edc2cb3880eb1121,17,0.9976831699481786
57727ff0edc2cb3880ef70a3,159,0.8433452285222178
57727c1eedc2cb3880e37df4,72,0.9954795238934168
577282a1edc2cb3880f82e48,123,0.884020798836962
577284fbedc2cb3880ffaa04,377,0.960239805185919
57727fa9edc2cb3880eeb594,142,0.9010112122160211
577283dfedc2cb3880fbfab6,239,0.8958125485873343
5772840eedc2cb3880fc99ca,312,0.8492444246946036
57727652edc2cb3880d1390e,414,0.9975846769627695
57727f7bedc2cb3880ee1333,281,0.8554064816385472
57727217edc2cb3880c40839,123,0.8666849704721427
57728a17edc2cb38800fd47d,281,0.9760123582853142
57726e52edc2cb3880b6ab5a,165,0.87929858453915
57727fa7edc2cb3880eeb280,312,0.8238414560435695
57728715edc2cb3880062bde,350,0.9233234168169658
59b2901eedc2caeb043310da,61,0.9959162023680568
577286d6edc2cb3880057706,250,0.9453037345546971
57727f84edc2cb3880ee1ffc,219,0.9258799982540176
57727c9eedc2cb3880e51c71,414,0.99995726048971
57727f32edc2cb3880ed668a,368,0.9126431967272637
57727d39edc2cb3880e71c30,414,0.99995726048971
57728143edc2cb3880f3d1d1,414,0.9979205040197343
57727696edc2cb3880d1f3d9,72,0.9974073442475228
57728136edc2cb3880f3bbf5,171,0.8315719603598896
577277aeedc2cb3880d57460,414,0.9983738428688584
57727798edc2cb3880d4fafb,350,0.8422828830618253
5772816dedc2cb3880f463a7,312,0.8213977441672475
57728601edc2cb388002e3a8,31,0.9982512477861739
57728568edc2cb388000ff20,239,0.9908180419149898
5772845aedc2cb3880fdb80f,350,0.8521178378520955
577287afedc2cb388007fc7b,310,0.826455886894497
577282eeedc2cb3880f94df8,410,0.9500021002616539
57728a4dedc2cb3880107aa4,414,0.995315545817866
57728426edc2cb3880fd1309,239,0.9211015078791625
57727fa1edc2cb3880eea74c,350,0.7166569301572993
577282b6edc2cb3880f8a41a,357,0.9768189976927202
58cf89cbedc2c97b40318aae,350,0.8479338978393463
57727231edc2cb3880c43234,134,0.994176029114238
57727f73edc2cb3880ee05c1,219,0.8107881700551162
5772881aedc2cb38800955c9,281,0.9777567819702228
577287caedc2cb38800827bf,377,0.9786595109577876
57728295edc2cb3880f81cd7,70,0.9534726810068471
577288ebedc2cb38800bf3fd,350,0.9244291471423312
577288c2edc2cb38800b5b7a,239,0.9291482864692437
5772836fedc2cb3880faa6de,250,0.8984838106401781
57728325edc2cb3880f9fe27,134,0.9933943885973058
57727ee7edc2cb3880ec5103,404,0.9025328370490089
57726edcedc2cb3880b89f02,334,0.974798549469608
57728061edc2cb3880f11f52,350,0.8164954259699218
5772845cedc2cb3880fdbb21,159,0.8563295776804902
57727fa9edc2cb3880eeb5c6,409,0.7954237048897831
57728323edc2cb3880f9fa0f,171,0.904100425333715
5a5da69dedc2c973d42ff2ee,294,0.9608381849298828
577281f1edc2cb3880f61f3b,260,0.9444149294575912
57727657edc2cb3880d14175,239,0.9847457054478086
57726f02edc2cb3880b935ca,134,0.9948896348958648
58d1240cedc2c94f900fc616,377,0.9395265313000004
57726ef9edc2cb3880b9280e,61,0.9949555687398939
577286c8edc2cb38800564d4,281,0.9760123582853142
57728604edc2cb388002e748,61,0.9756414333646919
577288b0edc2cb38800b423f,414,0.9959783588108925
5772871cedc2cb3880063874,70,0.9930580118782728
57728479edc2cb3880fdea33,410,0.9624290603845493
57727d76edc2cb3880e7cdae,414,0.99995726048971
57728286edc2cb3880f8042b,385,0.9445699818602307
57727e13edc2cb3880e9b46d,239,0.9935901939318666
57727a6cedc2cb3880de7473,134,0.991079755060102
5772865fedc2cb3880041c7b,142,0.9781590080150923
57727ee6edc2cb3880ec4dac,88,0.8950872556251288
57728a61edc2cb388010ef81,199,0.9116410861846997
5772831eedc2cb3880f9f227,5,0.8605346343026774
57728415edc2cb3880fca4a5,193,0.9472127685447452
5772798eedc2cb3880dbc4fc,377,0.9337814697656908
57728468edc2cb3880fdd087,281,0.9143829915982689
577285c4edc2cb388002353f,422,0.8517261868933269
57728194edc2cb3880f4f59d,165,0.9208631797941397
5772850dedc2cb3880ffc6bd,331,0.9187160942090452
5772886dedc2cb38800a8370,134,0.9960096274002382
577286ceedc2cb3880056ebb,260,0.9202020975988606
57726fb1edc2cb3880bb430d,281,0.9226811953832524
57728948edc2cb38800d357a,59,0.8873369694660491
57727c31edc2cb3880e39751,414,0.99995726048971
57727fadedc2cb3880eebaea,168,0.8837915828248717
57727f1aedc2cb3880ecec91,388,0.98489757937665
577285c7edc2cb3880023b59,239,0.9780920691818072
57727e81edc2cb3880eb0a76,61,0.9889781933293276
57728509edc2cb3880ffc0f5,219,0.9334768646425575
577287cdedc2cb3880082d19,72,0.9969347466515543
577287cfedc2cb3880083081,409,0.9456591400818639
57727ce5edc2cb3880e5fb72,239,0.9253806487363498
5772822eedc2cb3880f6d16b,312,0.8111995815927726
5772862bedc2cb38800378a1,350,0.9007438137319125
57727e00edc2cb3880e99b27,151,0.9981630167897587
57728619edc2cb3880030a5d,414,0.99995726048971
5772844bedc2cb3880fd4bd1,281,0.9366229020477176
57727ca6edc2cb3880e54242,414,0.99995726048971
57727de7edc2cb3880e91fd9,322,0.9744315209113745
5772813dedc2cb3880f3c8b3,312,0.8344842971441548
57727d9fedc2cb3880e85f51,59,0.9572496664878568
577270a4edc2cb3880bede3d,312,0.8670376697666187
57727f06edc2cb3880ecd2c8,350,0.9209581492246343
577277bbedc2cb3880d587d3,368,0.9996369144092612
5772863fedc2cb3880039742,72,0.9918274198248469
57726fb2edc2cb3880bb444d,350,0.9091527909134035
577282c4edc2cb3880f8b9a9,350,0.845584585119649
577289e6edc2cb38800f31ff,322,0.9784791283039149
577278e8edc2cb3880d95e78,239,0.9300769738652288
577288e7edc2cb38800bed6c,414,0.99995726048971
57727c76edc2cb3880e4a474,72,0.9969088969409587
57727f8aedc2cb3880ee2a5e,250,0.8543142154310187
57728758edc2cb388006da8a,312,0.8092858888279084
58f4bc53edc2c9a1b051d2fa,312,0.8075524484515517
577280f1edc2cb3880f2ff0e,5,0.8471700465895174
577281c5edc2cb3880f593be,377,0.9852538008753845
57728a6dedc2cb38801101a5,72,0.994378657110028
577284f7edc2cb3880ffa3e0,404,0.9620200879668099
577284aeedc2cb3880fe8be7,377,0.9673038500911965
57728574edc2cb3880011092,350,0.8893014969761177
57727d88edc2cb3880e7e877,135,0.9653154823702329
577278deedc2cb3880d94ee0,151,0.9711814799499812
5772869aedc2cb388004cb7c,72,0.9871486232920447
5772869aedc2cb388004cbbc,414,0.99995726048971
577288c2edc2cb38800b5c2c,134,0.9916779336660304
5772838fedc2cb3880fb2ac0,409,0.8058464398043433
57728401edc2cb3880fc8467,239,0.8896300038723435
57727ab7edc2cb3880df987a,357,0.9889243150360232
57727fb9edc2cb3880eecc71,409,0.8234172430962963
577270e9edc2cb3880bfa4a5,39,0.9501365616007827
57728338edc2cb3880fa1b50,61,0.996197591153849
57728a95edc2cb388011987e,61,0.9889116498548521
57727cb9edc2cb3880e56095,23,0.9658393823623772
57726e4eedc2cb3880b6a523,22,0.9735374502452965
5772823cedc2cb3880f6e88f,250,0.9536060094597215
5772855fedc2cb388000f114,96,0.8963360511838291
5772844fedc2cb3880fd5167,53,0.8696002649327444
577283d5edc2cb3880fbeac6,383,0.934656145009749
577287aeedc2cb388007fab9,350,0.8994855912645143
577270a3edc2cb3880bedcbd,350,0.9233234168169658
57727fabedc2cb3880eeb80a,409,0.8927534244253797
577285a5edc2cb388001afbf,331,0.9576077550016951
577284e0edc2cb3880ff2caa,121,0.9225685759327202
577286dcedc2cb3880057fb7,350,0.931727412311097
57727800edc2cb3880d64cfd,54,0.9732915994525559
57728081edc2cb3880f151df,377,0.9923982361467106
577283cfedc2cb3880fbe0a8,72,0.9862516488801114
577289dfedc2cb38800f2814,239,0.9680946502441709
577283cdedc2cb3880fbde64,5,0.8582037847441356
57727f3fedc2cb3880ed76db,250,0.9070974032582402
5772877cedc2cb3880075727,377,0.9754078419911297
57728ad8edc2cb3880125b5d,239,0.9757208245879155
577285c9edc2cb3880023e0f,315,0.9906155964072832
5772798eedc2cb3880dbc5f8,61,0.9966448868739445
57727e35edc2cb3880ea42ee,134,0.9942713868082556
57728720edc2cb3880063e00,368,0.959491384985886
57728415edc2cb3880fca3d5,401,0.9138999742562375
57727d5fedc2cb3880e756e8,134,0.9908760294321662
5907058fedc2c962e0bdae25,350,0.8583767549552754
577285e5edc2cb3880026567,239,0.9935901939318666
577277b1edc2cb3880d579e8,72,0.9928382691235798
57727b72edc2cb3880e18a72,61,0.9811340468390772
57727f75edc2cb3880ee0917,217,0.8763727703979487
57728468edc2cb3880fdcff7,312,0.8055094065317195
577277c2edc2cb3880d59281,377,0.9443441645830564
57728001edc2cb3880efddef,187,0.9758345461969502
577281fdedc2cb3880f63222,239,0.9600609321535784
577281eeedc2cb3880f61abb,404,0.9046509349221201
577278baedc2cb3880d8c36c,134,0.9890226732527573
577287caedc2cb388008288f,88,0.9436364148407549
577275f1edc2cb3880cff545,377,0.9916059219152675
57728600edc2cb388002e188,414,0.99995726048971
577289e5edc2cb38800f30bf,72,0.9871486232920447
5772890cedc2cb38800c7fa3,72,0.9954795238934168
577281c5edc2cb3880f5944e,414,0.99995726048971
57728396edc2cb3880fb35cc,239,0.962749948121514
57728985edc2cb38800de916,88,0.9824973337392654
5772755eedc2cb3880ce0e82,61,0.9909938875145126
57728714edc2cb3880062bae,140,0.8041332029942219
5772869aedc2cb388004cb6c,414,0.99995726048971
57727024edc2cb3880bcffda,239,0.9910395479569163
57728084edc2cb3880f15729,54,0.9477954576613415
57728a18edc2cb38800fd52d,401,0.9349831971128638
577280c9edc2cb3880f26bf5,281,0.9160387257792402
577280e5edc2cb3880f29684,208,0.954468436350245
5772701aedc2cb3880bcf1df,151,0.9501039630129816
577280dbedc2cb3880f286d9,312,0.8640233717070462
57728106edc2cb3880f31e7c,250,0.914397819372341
57728497edc2cb3880fe6be1,312,0.8507192790326813
587cf1fdedc2c9546c04aabd,239,0.9750372979907789
57728296edc2cb3880f81d49,325,0.9717421422128301
5772849eedc2cb3880fe730d,205,0.9044797949314547
57727636edc2cb3880d0b560,217,0.8622380950887302
577288ddedc2cb38800bddbd,205,0.8969822909533318
57727030edc2cb3880bd14b8,377,0.9741245646864995
577288e2edc2cb38800be47e,250,0.9645446100629814
57727fb8edc2cb3880eecadf,415,0.8722401626998507
57727fb8edc2cb3880eecb5f,409,0.7248527736801526
57728591edc2cb3880018fb4,260,0.9062048222030571
5772700eedc2cb3880bc826b,414,0.9924214436782434
577284eaedc2cb3880ff3bc2,415,0.9033635912629542
57728230edc2cb3880f6d38d,281,0.9309296486077042
57727f6bedc2cb3880ee0080,260,0.8655402117797801
577282a1edc2cb3880f82e78,55,0.8482459352953985
57726eeaedc2cb3880b8b54b,312,0.8601967484558777
57727f90edc2cb3880ee3588,239,0.9837633802453227
5772825cedc2cb3880f76c00,85,0.8278076248819874
577283fbedc2cb3880fc7c17,205,0.8476890707940308
57727c88edc2cb3880e4bee5,377,0.9492425144697679
57727d70edc2cb3880e7c4e9,377,0.9274832481056943
57728226edc2cb3880f6c441,350,0.8478142383909144
5772809bedc2cb3880f1cd92,260,0.8765059883588961
57727d74edc2cb3880e7cb96,239,0.9935901939318666
57728123edc2cb3880f39ead,281,0.9032172675088576
57727d70edc2cb3880e7c4a3,377,0.9352708851129568
57727c2eedc2cb3880e39305,239,0.9935901939318666
587cf1fdedc2c9546c04aab5,334,0.9565570386653012
57728268edc2cb3880f77f6d,53,0.96297126538863
57727f8cedc2cb3880ee2db2,205,0.7797894723395485
57727e25edc2cb3880e9d1b9,414,0.99995726048971
57728742edc2cb388006c668,368,0.9663209676303302
577281fdedc2cb3880f63242,440,0.8594544141549764
577270a4edc2cb3880beddbd,409,0.9060714207733508
577286c8edc2cb3880056536,39,0.9300962560222762
57727fbcedc2cb3880eed1e7,350,0.8417941129927567
577284a5edc2cb3880fe7de5,5,0.8410413690010135
57727fb3edc2cb3880eec385,409,0.9381376470975665
57726e40edc2cb3880b690dd,410,0.9712762117494985
57728364edc2cb3880faa006,250,0.8908710730778644
577285c4edc2cb38800234ff,368,0.9488637629251785
5772869fedc2cb388004d2b7,312,0.8720664741938653
5772840aedc2cb3880fc9341,322,0.9818078539328714
57728282edc2cb3880f7fd68,350,0.9582512204778079
57728335edc2cb3880fa1765,151,0.9638173865078942
5772825bedc2cb3880f76aac,281,0.9312574137676881
57a33966edc2c9388c2db97e,72,0.9973870763547882
57727030edc2cb3880bd13f6,221,0.9943522353044351
5772831dedc2cb3880f9f127,401,0.9148886105905771
57727e3bedc2cb3880ea4d14,61,0.9929794410163068
57727f0bedc2cb3880ecd954,350,0.8201516828427668
577287caedc2cb388008280f,312,0.9042223143562012
5772874cedc2cb388006d093,281,0.9382999151843896
577283c8edc2cb3880fbd56f,151,0.9885160058477442
57726e34edc2cb3880b62370,410,0.9081437381405894
57728036edc2cb3880f086ed,88,0.869606663167668
57728253edc2cb3880f76155,250,0.7402418844024019
57727fe2edc2cb3880ef5ad8,281,0.9278255985548405
57727015edc2cb3880bceb08,88,0.9407531311361567
577282e6edc2cb3880f940fe,54,0.9547504850093601
5772774dedc2cb3880d4552f,415,0.909144220367667
57727c71edc2cb3880e49d8e,134,0.985840063497088
57727162edc2cb3880c17d8a,134,0.9936542942482538
58c6237dedc2c9c7dc0de198,414,0.99995726048971
57727fadedc2cb3880eebc1e,217,0.8917589737430986
57726fabedc2cb3880bb395d,312,0.8032613977542474
577287adedc2cb388007f917,409,0.8581173560494082
57728668edc2cb38800428d4,368,0.9732532769248607
5772721cedc2cb3880c41171,409,0.9025266160801602
577272d5edc2cb3880c69912,142,0.9637752805225415
59ae5738edc2c9cdd872b945,151,0.950476994521494
594cd7dfedc2c97b8c2deea2,350,0.8446870516823086
57727f43edc2cb3880ed7e7e,165,0.8181285594890505
5772846eedc2cb3880fdd965,260,0.9394056671653493
5772845aedc2cb3880fdb7bd,250,0.8905267107259333
5772798fedc2cb3880dbc6a0,72,0.9973824226966265
5772843eedc2cb3880fd393b,312,0.7327606307454408
57727d1dedc2cb3880e69f6e,377,0.9937724818251422
57727cb9edc2cb3880e56005,61,0.9564396289796115
577270e9edc2cb3880bfa495,331,0.9184778084560159
57728ad8edc2cb3880125a8d,61,0.9889116498548521
57727f77edc2cb3880ee0b6b,281,0.9552709793278809
57726ffdedc2cb3880bc662c,414,0.99995726048971
57727da7edc2cb3880e86a7a,414,0.99995726048971
594cd0feedc2c97b8c101208,377,0.9786595109577876
57728a62edc2cb388010f07a,383,0.9546724496704905
5772820bedc2cb3880f6485c,250,0.8557671241176359
577281feedc2cb3880f634bc,368,0.9887702299273337
57727f74edc2cb3880ee0725,377,0.9186366691600508
57728649edc2cb388003a6b3,260,0.8868934465928215
57726f34edc2cb3880b9e103,72,0.9973824226966265
577278e7edc2cb3880d95da8,414,0.9983854760459195
5772837fedc2cb3880fabe24,151,0.9812697159790706
57728500edc2cb3880ffb34c,409,0.9437391191396016
57728aceedc2cb388012484b,142,0.987538728990118
577281fdedc2cb3880f632b8,409,0.8872782131745197
57727fb7edc2cb3880eec8ad,239,0.9297455623827046
57727da7edc2cb3880e86a8c,414,0.99995726048971
57727e84edc2cb3880eb0f01,294,0.9802352378544568
57728043edc2cb3880f09b9b,312,0.8324419950921312
5772779bedc2cb3880d4fd9d,178,0.8924978951411897
5772842dedc2cb3880fd1d87,250,0.9212346612617621
577287aeedc2cb388007faf9,59,0.787755273847426
577282ecedc2cb3880f94b88,154,0.9885387574601495
57728225edc2cb3880f6c13b,404,0.9426317885503683
577281a6edc2cb3880f51161,281,0.942460343738945
57726f11edc2cb3880b94cf6,377,0.9025788102145792
577281f0edc2cb3880f61d91,219,0.8305883043959283
57728562edc2cb388000f44a,61,0.9945413675776048
577287b1edc2cb388007ffed,312,0.8825783027682078
57728400edc2cb3880fc83f3,414,0.9987023664748654
57727dafedc2cb3880e8772d,281,0.9958008949933667
57727bdaedc2cb3880e2ccda,410,0.8796074000349762
57728705edc2cb388006128b,414,0.99995726048971
57727f8cedc2cb3880ee2df2,59,0.9468938785266844
57727f3eedc2cb3880ed763b,368,0.9333532869565214
577284faedc2cb3880ffa8a2,379,0.9028762861850711
577278cdedc2cb3880d93786,88,0.9589706239472922
5772867dedc2cb38800449fc,294,0.9872679093454261
5772816fedc2cb3880f465e9,205,0.7805414703282163
57728742edc2cb388006c6a8,88,0.9298943168778365
577279c7edc2cb3880dc742a,72,0.9962923861523613
577286c8edc2cb3880056432,61,0.9917210295981663
57727da7edc2cb3880e86b1c,31,0.9977966886209502
5772701dedc2cb3880bcf52e,429,0.9380703171837707
57727f73edc2cb3880ee0603,171,0.8140227428795709
57727bc5edc2cb3880e25808,312,0.8247676125855593
57727593edc2cb3880ceb255,414,0.99995726048971
577283f7edc2cb3880fc75a1,312,0.7692349266737056
57727d11edc2cb3880e68dec,61,0.994277537588609
57727d0bedc2cb3880e6856b,377,0.9757725701233522
57727f8fedc2cb3880ee33c6,383,0.9504500734313078
57727003edc2cb3880bc6fd0,377,0.9702060550293382
577278c0edc2cb3880d8cc88,409,0.8163625114325385
57728444edc2cb3880fd4447,331,0.7917422940739721
57728395edc2cb3880fb355c,414,0.997507269069292
57727562edc2cb3880ce1404,281,0.9956807258975593
577280ffedc2cb3880f313b5,134,0.9953055584974658
577281c8edc2cb3880f5989c,239,0.9817218627502913
577286ceedc2cb3880056f1b,31,0.9982512477861739
57726f57edc2cb3880ba7453,101,0.9270365873871651
57728364edc2cb3880faa016,250,0.9329778072431241
57726e7eedc2cb3880b74b0a,72,0.9871248832123987
57727f32edc2cb3880ed66df,155,0.9498951363459835
5772786cedc2cb3880d7f869,112,0.9941923690143055
57727228edc2cb3880c4257a,134,0.9979344621460756
577278daedc2cb3880d9489e,72,0.9969088969409587
57727e88edc2cb3880eb168a,239,0.9289674138509786
57728415edc2cb3880fca485,239,0.9935901939318665
57728562edc2cb388000f49a,377,0.9752533152300243
57728618edc2cb388003087d,88,0.9648103700158197
57728288edc2cb3880f80811,404,0.9195746688650425
5772700eedc2cb3880bc8249,414,0.9981748824660347
57726f77edc2cb3880baa4c5,219,0.8621509238562692
57726ef9edc2cb3880b9275b,239,0.9914307767583491
57726e82edc2cb3880b750a4,350,0.9254634530440364
57727698edc2cb3880d1f709,61,0.9949555687398939
5772857eedc2cb3880012044,377,0.9844032508291762
577275cbedc2cb3880cf60fe,281,0.9132920070894401
57726eacedc2cb3880b7f349,31,0.9936196631672112
57728649edc2cb388003a777,134,0.9734727984183936
577284a8edc2cb3880fe8257,250,0.8288998597314178
57727fededc2cb3880ef6b27,260,0.7279163130628131
57727f4cedc2cb3880ed8b85,260,0.7927929210195566
57727e54edc2cb3880ea716a,383,0.9147072960922885
57727f0cedc2cb3880ecdadd,281,0.9339881389647966
57728661edc2cb3880042051,250,0.8569269357420319
577284d2edc2cb3880ff16bb,350,0.8939182439716012
5772871cedc2cb3880063814,409,0.9389324827168085
57727558edc2cb3880ce09d0,59,0.9234807589187682
577283fbedc2cb3880fc7c29,409,0.8032159801524575
57727d1dedc2cb3880e69fee,53,0.9484763810431777
5772848cedc2cb3880fe5b1f,134,0.9904363889838508
577284acedc2cb3880fe8951,368,0.9408690059320577
577288ddedc2cb38800bdddd,142,0.9283007005885525
59b2901eedc2caeb043310e0,25,0.9224076920595068
577278dbedc2cb3880d949ce,414,0.99995726048971
5772843fedc2cb3880fd3b4f,70,0.9189841131039572
57728015edc2cb3880effef3,59,0.9399086551386365
57728a68edc2cb388010f905,31,0.9982512477861739
57728703edc2cb3880060f39,331,0.8010726944984369
57728401edc2cb3880fc8413,72,0.9969088969409587
5772765bedc2cb3880d146a4,415,0.8779970821102647
577283ddedc2cb3880fbf716,350,0.892463692423485
57727e0dedc2cb3880e9ad15,61,0.995368922252004
57728891edc2cb38800abdb1,205,0.8024083245073771
5772831aedc2cb3880f9ec2f,260,0.9212983208731339
57728562edc2cb388000f4ea,217,0.8604034094099661
57727017edc2cb3880bcee2a,72,0.9871486232920447
57727043edc2cb3880bd8dfa,377,0.8814292449454194
577271d9edc2cb3880c2ef66,120,0.9912470507657234
57727e80edc2cb3880eb0886,414,0.99995726048971
577282c4edc2cb3880f8b875,331,0.8016870321445135
57727f37edc2cb3880ed6a3b,219,0.823936905656106
577278e2edc2cb3880d95572,72,0.9871248832123987
57727e14edc2cb3880e9b665,61,0.9902973982925372
577283aeedc2cb3880fb5b76,165,0.8827891426298586
577278beedc2cb3880d8c976,239,0.9935901939318666
57727cb7edc2cb3880e55d8f,377,0.9922190302580219
5772850cedc2cb3880ffc49b,134,0.992666608507493
5772774eedc2cb3880d4570b,72,0.9962923861523613
57727f76edc2cb3880ee0afb,409,0.9082364181346317
57727d75edc2cb3880e7cd2e,239,0.9540223422221893
57726f84edc2cb3880bb119d,334,0.9495611104634111
57727c5bedc2cb3880e42ac6,239,0.8873290528587549
589c5955edc2cd40d4bc0110,31,0.8963005828527689
57727879edc2cb3880d80849,61,0.9874984564675175
57727d0bedc2cb3880e6849b,239,0.9627454011931302
57728619edc2cb388003095d,72,0.9980449779764936
577287c8edc2cb388008251b,165,0.8811586950174081
577287b3edc2cb3880080301,368,0.9736847154718544
577275d4edc2cb3880cf6e24,281,0.9699067211045777
57727f7bedc2cb3880ee1345,350,0.8599429508673692
